ID,Name,Length,Time_years,Haplogroup_PCA,Continent
MF057346,MF057346_L0a,0.0,0.0,L0,Africa
MF057347,MF057347_L0a,0.0,0.0,L0,Africa
MF057821,MF057821_L0a,0.0,0.0,L0,Africa
HGDP01418,HGDP01418_L0a1a1,0.000212,11777.77777777778,L0,Africa
HGDP00631,HGDP00631_L0a1a1,0.000212,11777.77777777778,L0,Africa
MF056131,MF056131_L0a1a2,0.0,0.0,L0,Africa
MF057241,MF057241_L0a1a2,0.0,0.0,L0,Africa
HGDP01419,HGDP01419_L0a1a2,0.000113,6277.777777777778,L0,Africa
PV621514,PV621514_L0a1a2,0.000147,8166.666666666667,L0,Africa
MF058196,MF058196_L0a1a2,0.000113,6277.777777777778,L0,Africa
PV621580,PV621580_L0a1b,2.7e-05,1500.0,L0,Africa
PV621569,PV621569_L0a1b,2.7e-05,1500.0,L0,Africa
MF056328,MF056328_L0a1b1a,0.000117,6500.0,L0,Africa
MF055973,MF055973_L0a1b1a,0.000117,6500.0,L0,Africa
HGDP00621,HGDP00621_L0a1b1a,0.000121,6722.222222222223,L0,Africa
MF055815,MF055815_L0a1b1a1,2.6e-05,1444.4444444444443,L0,Africa
MF057811,MF057811_L0a1b1a1,3e-05,1666.6666666666667,L0,Africa
MF057818,MF057818_L0a1b1a1,3e-05,1666.6666666666667,L0,Africa
MF058427,MF058427_L0a1b1a1,2.6e-05,1444.4444444444443,L0,Africa
MF055786,MF055786_L0a1b1a1,1.8e-05,1000.0,L0,Africa
MF057502,MF057502_L0a1b1a1,6e-06,333.33333333333337,L0,Africa
MF057511,MF057511_L0a1b1a1,5e-06,277.7777777777778,L0,Africa
MF057526,MF057526_L0a1b1a1,3e-06,166.66666666666669,L0,Africa
MF057554,MF057554_L0a1b1a1,8e-06,444.44444444444446,L0,Africa
MF057583,MF057583_L0a1b1a1,3e-06,166.66666666666669,L0,Africa
MF057667,MF057667_L0a1b1a1,1.8e-05,1000.0,L0,Africa
MF058163,MF058163_L0a1b1a1,5e-06,277.7777777777778,L0,Africa
MF058387,MF058387_L0a1b1a1,7e-06,388.8888888888889,L0,Africa
MF058454,MF058454_L0a1b1a1a,4.2e-05,2333.333333333333,L0,Africa
MF057796,MF057796_L0a1e,0.000437,24277.777777777777,L0,Africa
MF056444,MF056444_L0a2,6.7e-05,3722.222222222223,L0,Africa
MF058431,MF058431_L0a2,0.0,0.0,L0,Africa
MF055761,MF055761_L0a2,0.0,0.0,L0,Africa
MF058116,MF058116_L0a2,0.0,0.0,L0,Africa
MF058119,MF058119_L0a2,0.0,0.0,L0,Africa
MF058113,MF058113_L0a2,0.000418,23222.222222222223,L0,Africa
MF058182,MF058182_L0a2,0.0,0.0,L0,Africa
MF058188,MF058188_L0a2,0.0,0.0,L0,Africa
HGDP00453,HGDP00453_L0a2a1,9.4e-05,5222.222222222223,L0,Africa
HGDP01092,HGDP01092_L0a2a1,0.000165,9166.666666666668,L0,Africa
HGDP00465,HGDP00465_L0a2a1,9.4e-05,5222.222222222223,L0,Africa
MF056435,MF056435_L0a2a1a,0.0,0.0,L0,Africa
MF056452,MF056452_L0a2a1a,0.000282,15666.66666666667,L0,Africa
MF055811,MF055811_L0a2a1a,0.0,0.0,L0,Africa
MF058124,MF058124_L0a2a1b,0.000121,6722.222222222223,L0,Africa
MF057933,MF057933_L0a2a1b,0.000121,6722.222222222223,L0,Africa
MF057178,MF057178_L0a2a2,0.000527,29277.77777777778,L0,Africa
HGDP00994,HGDP00994_L0a2a2a,0.000215,11944.444444444443,L0,Africa
MF055932,MF055932_L0a2a2a,0.000258,14333.333333333334,L0,Africa
MF055787,MF055787_L0a2a2a,0.000215,11944.444444444443,L0,Africa
MF058122,MF058122_L0a2d,0.000527,29277.77777777778,L0,Africa
HGDP01033,HGDP01033_L0d1a1a1,0.00112,62222.22222222222,L0,Africa
HGDP01029,HGDP01029_L0d1b2b2c1,0.001242,69000.0,L0,Africa
MF057155,MF057155_L0d1c,0.000275,15277.77777777778,L0,Africa
MF058419,MF058419_L0d1c,0.000421,23388.88888888889,L0,Africa
MF055756,MF055756_L0d1c,0.000275,15277.77777777778,L0,Africa
MF057154,MF057154_L0d2abd,0.001242,69000.0,L0,Africa
MF055945,MF055945_L0f,0.0,0.0,L0,Africa
MF056361,MF056361_L0f,0.0,0.0,L0,Africa
MF058535,MF058535_L0f,0.0,0.0,L0,Africa
MF056564,MF056564_L0f,0.0,0.0,L0,Africa
MF058103,MF058103_L0f,0.0,0.0,L0,Africa
MF058579,MF058579_L0f,0.0,0.0,L0,Africa
HGDP00992,HGDP00992_L0k1a1a,0.002087,115944.44444444444,L0,Africa
PV621532,PV621532_L1b1a,0.000237,13166.666666666666,L1,Africa
PV621487,PV621487_L1b1a,0.000237,13166.666666666666,L1,Africa
HGDP00911,HGDP00911_L1b1a,0.000237,13166.666666666666,L1,Africa
MF056840,MF056840_L1b1a,0.00016,8888.88888888889,L1,Africa
MF056333,MF056333_L1b1a189,5.5e-05,3055.555555555556,L1,Africa
HGDP00941,HGDP00941_L1b1a10,0.00016,8888.88888888889,L1,Africa
PV621734,PV621734_L1b1a14,0.000155,8611.111111111111,L1,Africa
PV621476,PV621476_L1b1a14,0.000155,8611.111111111111,L1,Africa
HGDP00906,HGDP00906_L1b1a14,0.000155,8611.111111111111,L1,Africa
HGDP00907,HGDP00907_L1b1a17,2.1e-05,1166.6666666666667,L1,Africa
HGDP00913,HGDP00913_L1b1a17,2.1e-05,1166.6666666666667,L1,Africa
HGDP00935,HGDP00935_L1b1a18,0.000199,11055.555555555557,L1,Africa
HGDP00627,HGDP00627_L1b1a2,9.5e-05,5277.777777777778,L1,Africa
PV621465,PV621465_L1b1a2a,0.000232,12888.88888888889,L1,Africa
HGDP00924,HGDP00924_L1b1a3,0.000191,10611.111111111111,L1,Africa
PV621625,PV621625_L1b1a3,0.000147,8166.666666666667,L1,Africa
PV621530,PV621530_L1b1a3a,0.000125,6944.444444444445,L1,Africa
PV621815,PV621815_L1b1a3a,0.000125,6944.444444444445,L1,Africa
HGDP01202,HGDP01202_L1b1a4,0.000213,11833.333333333334,L1,Africa
HGDP00905,HGDP00905_L1b1a4a,0.000213,11833.333333333334,L1,Africa
PV621701,PV621701_L1b1a5,0.000273,15166.666666666668,L1,Africa
PV621804,PV621804_L1b1a6,0.000237,13166.666666666666,L1,Africa
PV621591,PV621591_L1b1a7,0.000255,14166.666666666668,L1,Africa
PV621531,PV621531_L1b1a9,5.5e-05,3055.555555555556,L1,Africa
MF057034,MF057034_L1b2a,0.000642,35666.66666666667,L1,Africa
MF058210,MF058210_L1b2a,9.8e-05,5444.444444444444,L1,Africa
MF055896,MF055896_L1b2a,1.2e-05,666.6666666666667,L1,Africa
MF055898,MF055898_L1b2a,1.2e-05,666.6666666666667,L1,Africa
MF056005,MF056005_L1b2a,1.9e-05,1055.5555555555557,L1,Africa
MF056151,MF056151_L1b2a,1.9e-05,1055.5555555555557,L1,Africa
MF058292,MF058292_L1c1,0.000132,7333.333333333334,L1,Africa
MF058216,MF058216_L1c1,0.000132,7333.333333333334,L1,Africa
HGDP00454,HGDP00454_L1c1a1a1a,0.000148,8222.222222222223,L1,Africa
HGDP00460,HGDP00460_L1c1a1a1b,0.000148,8222.222222222223,L1,Africa
HGDP01087,HGDP01087_L1c1a2a2,0.000216,12000.0,L1,Africa
HGDP00452,HGDP00452_L1c1a2a2,0.000216,12000.0,L1,Africa
HGDP00473,HGDP00473_L1c1a2b,4.3e-05,2388.888888888889,L1,Africa
HGDP00466,HGDP00466_L1c1a2b,4.3e-05,2388.888888888889,L1,Africa
HGDP00985,HGDP00985_L1c1a2b,9.1e-05,5055.555555555556,L1,Africa
HGDP01086,HGDP01086_L1c1a2b,9.1e-05,5055.555555555556,L1,Africa
MF057157,MF057157_L1c1d,0.0,0.0,L1,Africa
MF057233,MF057233_L1c1d,0.0,0.0,L1,Africa
MF055944,MF055944_L1c1d,5.5e-05,3055.555555555556,L1,Africa
MF056313,MF056313_L1c1d,0.0,0.0,L1,Africa
MF057449,MF057449_L1c1d,5.5e-05,3055.555555555556,L1,Africa
MF057360,MF057360_L1c1d,0.0,0.0,L1,Africa
MF057470,MF057470_L1c1d,0.0,0.0,L1,Africa
MF057545,MF057545_L1c1d,0.0,0.0,L1,Africa
MF056395,MF056395_L1c2a1a,0.000219,12166.666666666668,L1,Africa
HGDP01413,HGDP01413_L1c2a1a,6e-06,333.33333333333337,L1,Africa
HGDP01411,HGDP01411_L1c2a1a,6e-06,333.33333333333337,L1,Africa
MF058146,MF058146_L1c2a1a,8.3e-05,4611.111111111111,L1,Africa
MF058177,MF058177_L1c2a1a,6e-05,3333.333333333333,L1,Africa
MF058166,MF058166_L1c2a1a,8.3e-05,4611.111111111111,L1,Africa
MF058414,MF058414_L1c2a1a,8e-05,4444.444444444445,L1,Africa
PV621626,PV621626_L1c2a2,0.000613,34055.55555555556,L1,Africa
MF055749,MF055749_L1c2a2,0.000613,34055.55555555556,L1,Africa
MF058069,MF058069_L1c2a3a,0.000867,48166.66666666667,L1,Africa
MF057138,MF057138_L1c2b1ab,0.000932,51777.77777777778,L1,Africa
MF058125,MF058125_L1c2b1b,0.000932,51777.77777777778,L1,Africa
MF056364,MF056364_L1c2b2,0.001015,56388.8888888889,L1,Africa
MF056758,MF056758_L1c3,0.000583,32388.88888888889,L1,Africa
PV621535,PV621535_L1c3a,0.000259,14388.88888888889,L1,Africa
MF056673,MF056673_L1c3a,5e-05,2777.7777777777783,L1,Africa
MF057171,MF057171_L1c3a,2e-05,1111.1111111111113,L1,Africa
MF056122,MF056122_L1c3a,0.000259,14388.88888888889,L1,Africa
MF056087,MF056087_L1c3a,2e-05,1111.1111111111113,L1,Africa
MF058363,MF058363_L1c3a,2.5e-05,1388.8888888888891,L1,Africa
MF057313,MF057313_L1c3a,4.1e-05,2277.777777777778,L1,Africa
MF058091,MF058091_L1c3a,2.4e-05,1333.3333333333337,L1,Africa
MF056794,MF056794_L1c3a,3.3e-05,1833.3333333333333,L1,Africa
MF057431,MF057431_L1c3a,2.4e-05,1333.3333333333337,L1,Africa
MF055867,MF055867_L1c3a,2.9e-05,1611.1111111111113,L1,Africa
MF057956,MF057956_L1c3a,2.9e-05,1611.1111111111113,L1,Africa
MF058094,MF058094_L1c3a1a,0.000355,19722.222222222223,L1,Africa
HGDP00940,HGDP00940_L1c3a1b,0.000355,19722.222222222223,L1,Africa
MF056335,MF056335_L1c3a1b,0.000146,8111.111111111111,L1,Africa
MF057832,MF057832_L1c3a1b,0.000146,8111.111111111111,L1,Africa
MF056820,MF056820_L1c3b1a,9.1e-05,5055.555555555556,L1,Africa
MF058422,MF058422_L1c3b1a,9.1e-05,5055.555555555556,L1,Africa
MF057444,MF057444_L1c3b1a,3.7e-05,2055.555555555556,L1,Africa
MF058077,MF058077_L1c3b1a,3.7e-05,2055.555555555556,L1,Africa
MF056281,MF056281_L1c3c,2.8e-05,1555.5555555555557,L1,Africa
MF056292,MF056292_L1c3c,2.8e-05,1555.5555555555557,L1,Africa
MF055934,MF055934_L1c3c,7.9e-05,4388.888888888889,L1,Africa
MF055783,MF055783_L1c3c,5.7e-05,3166.666666666667,L1,Africa
HGDP00475,HGDP00475_L1c4b,4e-06,222.22222222222223,L1,Africa
HGDP00472,HGDP00472_L1c4b,4e-06,222.22222222222223,L1,Africa
HGDP01094,HGDP01094_L1c4b,0.000169,9388.888888888889,L1,Africa
HGDP00981,HGDP00981_L1c4b,2.5e-05,1388.8888888888891,L1,Africa
HGDP00986,HGDP00986_L1c4b,2.5e-05,1388.8888888888891,L1,Africa
HGDP00470,HGDP00470_L1c4b,0.000127,7055.555555555556,L1,Africa
PV621534,PV621534_L1c5,0.001603,89055.55555555556,L1,Africa
PV621554,PV621554_L2b2,0.000249,13833.333333333332,L2,Africa
PV621605,PV621605_L2b2,0.000128,7111.111111111111,L2,Africa
PV621604,PV621604_L2b2,0.000128,7111.111111111111,L2,Africa
MF057011,MF057011_L2b2a,8.9e-05,4944.444444444444,L2,Africa
MF058193,MF058193_L2b2a,1e-05,555.5555555555557,L2,Africa
PV621512,PV621512_L2b2a,7.4e-05,4111.111111111111,L2,Africa
MF058198,MF058198_L2b2a,1e-05,555.5555555555557,L2,Africa
PV621513,PV621513_L2b3a,0.000449,24944.444444444445,L2,Africa
PV621607,PV621607_L2c,0.000459,25500.0,L2,Africa
PV621606,PV621606_L2c,0.000328,18222.222222222223,L2,Africa
PV621787,PV621787_L2c,0.0,0.0,L2,Africa
PV621608,PV621608_L2c,0.0,0.0,L2,Africa
PV621466,PV621466_L2c,0.000459,25500.0,L2,Africa
HGDP01201,HGDP01201_L2c1a,0.000116,6444.444444444445,L2,Africa
PV621833,PV621833_L2c1a,0.000331,18388.88888888889,L2,Africa
HGDP01200,HGDP01200_L2c1a,0.000116,6444.444444444445,L2,Africa
PV621799,PV621799_L2c1a,0.000331,18388.88888888889,L2,Africa
PV621630,PV621630_L2c2a1,0.000328,18222.222222222223,L2,Africa
MF057190,MF057190_L2c2b1b,0.000143,7944.444444444445,L2,Africa
MF058106,MF058106_L2c2b1b,3.2e-05,1777.7777777777778,L2,Africa
MF058112,MF058112_L2c2b1b,3.2e-05,1777.7777777777778,L2,Africa
HGDP00916,HGDP00916_L2c3a,0.000328,18222.222222222223,L2,Africa
HGDP00919,HGDP00919_L2c5,0.000328,18222.222222222223,L2,Africa
MF057217,MF057217_L2d1a,0.001284,71333.33333333334,L2,Africa
PV621609,PV621609_L2e1,0.000208,11555.555555555557,L2,Africa
PV621521,PV621521_L2e1,0.000208,11555.555555555557,L2,Africa
MF057456,MF057456_L3,0.001457,80944.44444444445,L3,Africa
MF056812,MF056812_L3,0.001174,65222.22222222222,L3,Africa
MF056782,MF056782_L3,0.001174,65222.22222222222,L3,Africa
MF058264,MF058264_L3a1,0.000697,38722.22222222223,L3,Africa
MF056371,MF056371_L3a1b,0.0,0.0,L3,Africa
MF056373,MF056373_L3a1b,0.0,0.0,L3,Africa
PV621467,PV621467_L3b1,0.000488,27111.111111111117,L3,Africa
PV621562,PV621562_L3b1a,0.000384,21333.333333333336,L3,Africa
PV621559,PV621559_L3b1a,1.9e-05,1055.5555555555557,L3,Africa
PV621560,PV621560_L3b1a,1.9e-05,1055.5555555555557,L3,Africa
PV621561,PV621561_L3b1a,3.9e-05,2166.6666666666665,L3,Africa
PV621557,PV621557_L3b1a,3.3e-05,1833.3333333333333,L3,Africa
PV621610,PV621610_L3b1a,6.9e-05,3833.3333333333335,L3,Africa
PV621556,PV621556_L3b1a,3.3e-05,1833.3333333333333,L3,Africa
HGDP00912,HGDP00912_L3b1a,0.000384,21333.333333333336,L3,Africa
PV621778,PV621778_L3b1a,0.000177,9833.333333333334,L3,Africa
PV621555,PV621555_L3b1a10,0.000354,19666.666666666668,L3,Africa
PV621788,PV621788_L3b1a10,0.000354,19666.666666666668,L3,Africa
PV621563,PV621563_L3b1b,0.000374,20777.777777777777,L3,Africa
PV621523,PV621523_L3b1b,9.6e-05,5333.333333333334,L3,Africa
PV621790,PV621790_L3b1b,0.000116,6444.444444444445,L3,Africa
PV621522,PV621522_L3b1b,2.7e-05,1500.0,L3,Africa
PV621789,PV621789_L3b1b,2.7e-05,1500.0,L3,Africa
MF056392,MF056392_L3b2,0.0,0.0,L3,Africa
MF057750,MF057750_L3b2,0.0,0.0,L3,Africa
MF057753,MF057753_L3b2,0.0,0.0,L3,Africa
PV621524,PV621524_L3b2a,0.000393,21833.333333333336,L3,Africa
PV621526,PV621526_L3b2b,7.5e-05,4166.666666666667,L3,Africa
PV621834,PV621834_L3b2b,0.000102,5666.666666666667,L3,Africa
PV621692,PV621692_L3b2b,7.5e-05,4166.666666666667,L3,Africa
MF057870,MF057870_L3cd,0.0012,66666.66666666667,L3,Africa
PV621615,PV621615_L3d1,0.000596,33111.11111111111,L3,Africa
PV621578,PV621578_L3d123456,0.00074,41111.11111111111,L3,Africa
MF055830,MF055830_L3d1a,0.0,0.0,L3,Africa
MF056345,MF056345_L3d1a,0.0,0.0,L3,Africa
MF056844,MF056844_L3d1a,0.0,0.0,L3,Africa
PV621695,PV621695_L3d1c1,0.000176,9777.777777777776,L3,Africa
PV621614,PV621614_L3d1c1,9.4e-05,5222.222222222223,L3,Africa
PV621573,PV621573_L3d1c1,9.4e-05,5222.222222222223,L3,Africa
HGDP00909,HGDP00909_L3d1d,0.000596,33111.11111111111,L3,Africa
PV621575,PV621575_L3d2b,0.000326,18111.111111111117,L3,Africa
PV621574,PV621574_L3d2b,0.000326,18111.111111111117,L3,Africa
MF057507,MF057507_L3d3a1,0.0,0.0,L3,Africa
MF058123,MF058123_L3d3a1,0.0,0.0,L3,Africa
HGDP01031,HGDP01031_L3d3a1a,0.0,0.0,L3,Africa
MF056408,MF056408_L3d3b,0.0,0.0,L3,Africa
MF056536,MF056536_L3d3b,0.0,0.0,L3,Africa
PV621696,PV621696_L3d4,0.000204,11333.333333333334,L3,Africa
PV621576,PV621576_L3d4,0.000546,30333.333333333336,L3,Africa
PV621800,PV621800_L3d4,0.000204,11333.333333333334,L3,Africa
PV621577,PV621577_L3d5a,0.000596,33111.11111111111,L3,Africa
MF056130,MF056130_L3e1,0.000231,12833.333333333334,L3,Africa
PV621801,PV621801_L3e1,0.000151,8388.88888888889,L3,Africa
MF057908,MF057908_L3e1,5e-05,2777.7777777777783,L3,Africa
MF057852,MF057852_L3e1,7.7e-05,4277.777777777778,L3,Africa
MF057093,MF057093_L3e1,1.6e-05,888.8888888888889,L3,Africa
MF057959,MF057959_L3e1,1.6e-05,888.8888888888889,L3,Africa
PV621468,PV621468_L3e1,0.000305,16944.444444444445,L3,Africa
HGDP00930,HGDP00930_L3e1,0.000151,8388.88888888889,L3,Africa
MF055810,MF055810_L3e1a1a,0.000305,16944.444444444445,L3,Africa
PV621588,PV621588_L3e4,0.0,0.0,L3,Africa
PV621589,PV621589_L3e4,0.0,0.0,L3,Africa
HGDP00910,HGDP00910_L3e4a1,5.6e-05,3111.1111111111118,L3,Africa
HGDP00918,HGDP00918_L3e4a1,5.6e-05,3111.1111111111118,L3,Africa
PV621593,PV621593_L3e5,0.000301,16722.222222222223,L3,Africa
PV621590,PV621590_L3e5b,0.000301,16722.222222222223,L3,Africa
PV621592,PV621592_L3e5d,0.000301,16722.222222222223,L3,Africa
MF057251,MF057251_L3f,0.0,0.0,L3,Africa
MF058025,MF058025_L3f,0.0,0.0,L3,Africa
PV621836,PV621836_L3f1b,0.0,0.0,L3,Africa
PV621835,PV621835_L3f1b,0.0,0.0,L3,Africa
PV621693,PV621693_L3f1b4c,0.000277,15388.88888888889,L3,Africa
MF058568,MF058568_L3f2a1,0.000691,38388.88888888889,L3,Africa
PV621565,PV621565_L3f3,5e-05,2777.7777777777783,L3,Africa
PV621566,PV621566_L3f3,5e-05,2777.7777777777783,L3,Africa
PV621564,PV621564_L3f3b,0.000272,15111.111111111111,L3,Africa
HGDP01416,HGDP01416_L3h1a1,0.000773,42944.444444444445,L3,Africa
MF057981,MF057981_L3h1a2,0.000773,42944.444444444445,L3,Africa
PV621595,PV621595_L3h1b1a,0.000174,9666.666666666668,L3,Africa
PV621594,PV621594_L3h1b1a,0.000174,9666.666666666668,L3,Africa
MF058194,MF058194_L3k1,0.0,0.0,L3,Africa
MF056601,MF056601_L3k1,0.0,0.0,L3,Africa
MF055969,MF055969_L3k1,0.0,0.0,L3,Africa
MF058157,MF058157_L3k1,0.0,0.0,L3,Africa
MF057002,MF057002_L3x1a2,0.000948,52666.66666666666,L3,Africa
MF056606,MF056606_L4b1a,0.000367,20388.888888888887,L4,Africa
PV621596,PV621596_L4b1a,0.000174,9666.666666666668,L4,Africa
MF056747,MF056747_L4b1a,6.8e-05,3777.777777777778,L4,Africa
MF058235,MF058235_L4b1a,1.3e-05,722.2222222222222,L4,Africa
MF058245,MF058245_L4b1a,1.3e-05,722.2222222222222,L4,Africa
MF056607,MF056607_L4b1a,2.5e-05,1388.8888888888891,L4,Africa
MF056608,MF056608_L4b1a,3.2e-05,1777.7777777777778,L4,Africa
MF056688,MF056688_L4b1a,2.5e-05,1388.8888888888891,L4,Africa
MF057905,MF057905_L4b1a,7.6e-05,4222.222222222223,L4,Africa
MF056575,MF056575_L4b2a,6.9e-05,3833.3333333333335,L4,Africa
MF058237,MF058237_L4b2a,6.9e-05,3833.3333333333335,L4,Africa
MF057553,MF057553_L4b2a1,9.2e-05,5111.111111111111,L4,Africa
MF058382,MF058382_L4b2a1,9.2e-05,5111.111111111111,L4,Africa
PV621597,PV621597_L4b2b,0.000927,51500.0,L4,Africa
HGDP01415,HGDP01415_L5a1,0.000462,25666.666666666668,L5,Africa
HGDP00462,HGDP00462_L5a1c,0.000462,25666.666666666668,L5,Africa
PV621697,PV621697_M1a1b1,9.5e-05,5277.777777777778,M,Africa
HGDP00611,HGDP00611_M1a1b2,9.5e-05,5277.777777777778,M,Africa
PV621641,PV621641_M1a1i,0.000176,9777.777777777776,M,Africa
PV621698,PV621698_M1a2,0.000412,22888.88888888889,M,Africa
PV621699,PV621699_M1a3b,0.000155,8611.111111111111,M,Africa
PV621652,PV621652_M1a3b2,0.000155,8611.111111111111,M,Africa
PV621663,PV621663_M1a6,0.000406,22555.55555555556,M,Africa
PV621704,PV621704_M1b1,0.000282,15666.66666666667,M,Africa
PV621703,PV621703_M1b1a,5.5e-05,3055.555555555556,M,Africa
PV621700,PV621700_M1b1a,8.1e-05,4500.0,M,Africa
PV621702,PV621702_M1b1a,5.5e-05,3055.555555555556,M,Africa
PV621705,PV621705_M1b2,0.000345,19166.666666666668,M,Africa
MF058562,MF058562_M32c,0.0,0.0,M,Africa
MF058574,MF058574_M32c,0.0,0.0,M,Africa
MF058502,MF058502_M7c1,0.000238,13222.222222222224,M7,Africa
MF055770,MF055770_M7c1c3,0.000113,6277.777777777778,M7,Africa
MF523019,MF523019_H15a1a1,3.1e-05,1722.2222222222224,H,Central_Asia
MF523038,MF523038_H15a1a1,2.4e-05,1333.3333333333337,H,Central_Asia
MF523041,MF523041_H15a1a1,1e-05,555.5555555555557,H,Central_Asia
MF523042,MF523042_H15a1a1,1e-05,555.5555555555557,H,Central_Asia
MF523050,MF523050_H15a1a1,3.6e-05,2000.0,H,Central_Asia
MF523018,MF523018_H15a1b,2e-06,111.11111111111111,H,Central_Asia
MF523022,MF523022_H15a1b,5e-06,277.7777777777778,H,Central_Asia
MF523023,MF523023_H15a1b,4e-06,222.22222222222223,H,Central_Asia
MF523026,MF523026_H15a1b,2e-06,111.11111111111111,H,Central_Asia
MF523044,MF523044_H2a1a,2.7e-05,1500.0,H,Central_Asia
MF523045,MF523045_H2a1a,2.7e-05,1500.0,H,Central_Asia
MF523046,MF523046_H2a1a,3.5e-05,1944.4444444444443,H,Central_Asia
MF523052,MF523052_H2a1a,6.5e-05,3611.111111111111,H,Central_Asia
MF523030,MF523030_U2e1h,0.000168,9333.333333333334,U,Central_Asia
MF523059,MF523059_U2e1h,7e-06,388.8888888888889,U,Central_Asia
MF523063,MF523063_U2e1h,6e-06,333.33333333333337,U,Central_Asia
MF523064,MF523064_U2e1h,6e-06,333.33333333333337,U,Central_Asia
OM194282,OM194282_C4a2a,9.6e-05,5333.333333333334,C,Central_Asia
OM194324,OM194324_C4a2a1,0.000258,14333.333333333334,C,Central_Asia
OM194274,OM194274_C4a2c,0.000258,14333.333333333334,C,Central_Asia
MF523027,MF523027_C4a2c1,0.000258,14333.333333333334,C,Central_Asia
OM194240,OM194240_C4a2c1,9.6e-05,5333.333333333334,C,Central_Asia
OM194256,OM194256_A15216362,0.000579,32166.666666666668,A,Central_Asia
OM194305,OM194305_A12a,0.000581,32277.77777777778,A,Central_Asia
OM194304,OM194304_A14,0.000287,15944.444444444443,A,Central_Asia
OM194290,OM194290_A5,0.000472,26222.222222222223,A,Central_Asia
MF523155,MF523155_B4a1c4,0.000523,29055.55555555556,B4,Central_Asia
OM194338,OM194338_B5b2a1,0.001026,57000.0,B5,Central_Asia
MF523032,MF523032_C1f,0.000446,24777.777777777777,C,Central_Asia
MF523034,MF523034_C4152,0.0003,16666.666666666668,C,Central_Asia
OM194300,OM194300_C4d,0.0003,16666.666666666668,C,Central_Asia
OM194293,OM194293_C5a1,0.000367,20388.888888888887,C,Central_Asia
OM194302,OM194302_C5b1b1,0.000367,20388.888888888887,C,Central_Asia
OM194326,OM194326_C7a1,0.000446,24777.777777777777,C,Central_Asia
OM194311,OM194311_D4,0.000459,25500.0,D4,Central_Asia
OM194318,OM194318_D4,0.000517,28722.222222222223,D4,Central_Asia
OM194263,OM194263_D4,0.000517,28722.222222222223,D4,Central_Asia
OM194249,OM194249_D4a3b,0.000219,12166.666666666668,D4,Central_Asia
OM194339,OM194339_D4b1a2a1,0.000399,22166.666666666668,D4,Central_Asia
OM194243,OM194243_D4b2b,0.000281,15611.111111111111,D4,Central_Asia
OM194325,OM194325_D4b2b2,0.000346,19222.222222222223,D4,Central_Asia
OM194291,OM194291_D4b2d,0.000493,27388.888888888887,D4,Central_Asia
OM194336,OM194336_D4c1b,0.000309,17166.666666666668,D4,Central_Asia
OM194335,OM194335_D4c2b,0.000236,13111.111111111111,D4,Central_Asia
OM194227,OM194227_D4e4,0.000407,22611.111111111117,D4,Central_Asia
OM194231,OM194231_D4e5a,0.000464,25777.77777777778,D4,Central_Asia
OM194313,OM194313_D4f1,0.000407,22611.111111111117,D4,Central_Asia
OM194226,OM194226_D4h4a,0.000452,25111.111111111117,D4,Central_Asia
OM194236,OM194236_D4j5a,0.000676,37555.55555555556,D4,Central_Asia
OM194315,OM194315_D4j8,0.000493,27388.888888888887,D4,Central_Asia
OM194269,OM194269_D4l2,0.000527,29277.77777777778,D4,Central_Asia
OM194270,OM194270_D4m,0.000527,29277.77777777778,D4,Central_Asia
OM194276,OM194276_D5a2a116172,0.000808,44888.88888888889,D5,Central_Asia
OM194254,OM194254_D5b,0.000619,34388.88888888889,D5,Central_Asia
OM194321,OM194321_D5b1b,0.000808,44888.88888888889,D5,Central_Asia
JF747026,JF747026_F1a1,0.000195,10833.333333333334,F1,Central_Asia
OM194265,OM194265_F1a3b,0.00071,39444.444444444445,F1,Central_Asia
OM194247,OM194247_F1b1152,8.3e-05,4611.111111111111,F1,Central_Asia
OM194267,OM194267_F1b1c,0.00033,18333.333333333336,F1,Central_Asia
OM194331,OM194331_F1b1f,0.000199,11055.555555555557,F1,Central_Asia
OM194328,OM194328_F2,0.000242,13444.444444444443,F2,Central_Asia
MF523036,MF523036_G1a1,0.0,0.0,G1,Central_Asia
MF523061,MF523061_G1a1,0.0,0.0,G1,Central_Asia
OM194222,OM194222_G2,0.000766,42555.55555555556,G2,Central_Asia
OM194332,OM194332_G2a152,0.00017,9444.444444444443,G2,Central_Asia
OM194272,OM194272_G2a1f,0.000406,22555.55555555556,G2,Central_Asia
OM194255,OM194255_G2a2,8.6e-05,4777.777777777778,G2,Central_Asia
OM194258,OM194258_G2a2,8.6e-05,4777.777777777778,G2,Central_Asia
OM194259,OM194259_G2a2a,0.000406,22555.55555555556,G2,Central_Asia
OM194295,OM194295_G2a5,0.000181,10055.555555555557,G2,Central_Asia
OM194284,OM194284_G2a5,0.000181,10055.555555555557,G2,Central_Asia
OM194264,OM194264_I,0.000322,17888.88888888889,I,Central_Asia
OM194303,OM194303_I1a1,0.000322,17888.88888888889,I,Central_Asia
OM194221,OM194221_J1b,0.000315,17500.0,J,Central_Asia
OM194296,OM194296_J1b1a1,0.0003,16666.666666666668,J,Central_Asia
MF523065,MF523065_J1b6,0.0003,16666.666666666668,J,Central_Asia
MF523154,MF523154_J1c2o,0.000355,19722.222222222223,J,Central_Asia
JQ797833,JQ797833_J1c3f,0.000355,19722.222222222223,J,Central_Asia
KY765533,KY765533_J1d1a1,0.000538,29888.888888888887,J,Central_Asia
MF523035,MF523035_J2b1a2a,0.000538,29888.888888888887,J,Central_Asia
MF523039,MF523039_K1a12a,0.000819,45500.0,K,Central_Asia
OM194279,OM194279_N1a1a1a1,0.000148,8222.222222222223,N1,Central_Asia
GU290214,GU290214_N1a1a1a1a,0.000148,8222.222222222223,N1,Central_Asia
OM194230,OM194230_N1a3a,0.000854,47444.44444444445,N1,Central_Asia
OM194283,OM194283_N9a1,0.000485,26944.44444444445,N9,Central_Asia
OM194294,OM194294_N9a2,0.000485,26944.44444444445,N9,Central_Asia
OM194237,OM194237_N9a3,0.000485,26944.44444444445,N9,Central_Asia
OM194288,OM194288_R0a,0.000134,7444.444444444445,R,Central_Asia
OM194286,OM194286_R1a1a,0.000311,17277.77777777778,R1,Central_Asia
OM194280,OM194280_R9b2,6.8e-05,3777.777777777778,R9b,Central_Asia
MF523021,MF523021_T1a1,0.000255,14166.666666666668,T,Central_Asia
MF523024,MF523024_T1a1,0.000255,14166.666666666668,T,Central_Asia
MF523053,MF523053_T1a1,0.000255,14166.666666666668,T,Central_Asia
OM194271,OM194271_T1a1,0.000188,10444.444444444443,T,Central_Asia
OM194224,OM194224_T1a1d,0.000188,10444.444444444443,T,Central_Asia
MF523056,MF523056_T2a1a,0.0,0.0,T,Central_Asia
MF523057,MF523057_T2a1a,0.0,0.0,T,Central_Asia
OM194310,OM194310_T2a3,0.000303,16833.333333333332,T,Central_Asia
OM194308,OM194308_T2b,8.8e-05,4888.888888888889,T,Central_Asia
OM194299,OM194299_T2b4h,8.8e-05,4888.888888888889,T,Central_Asia
MF523055,MF523055_T2d2,0.000303,16833.333333333332,T,Central_Asia
OM194245,OM194245_U2c,0.000802,44555.55555555556,U,Central_Asia
OM194234,OM194234_U2e,0.000101,5611.111111111111,U,Central_Asia
MF523051,MF523051_U2e1,0.000289,16055.555555555557,U,Central_Asia
OM194233,OM194233_U4b1a1a1,0.000478,26555.55555555556,U,Central_Asia
OM194289,OM194289_U4d2,0.000478,26555.55555555556,U,Central_Asia
OM194253,OM194253_U5a1a1,0.000361,20055.555555555555,U,Central_Asia
OM194246,OM194246_U5a1b1,0.000265,14722.222222222224,U,Central_Asia
OM194323,OM194323_U5a1g,0.000103,5722.222222222223,U,Central_Asia
OM194330,OM194330_U5a2,0.0,0.0,U,Central_Asia
MF523037,MF523037_U5a2a1,0.0,0.0,U,Central_Asia
OM194317,OM194317_U5b1e1,0.000223,12388.888888888889,U,Central_Asia
OM194228,OM194228_U5b1e1,0.000223,12388.888888888889,U,Central_Asia
KY824938,KY824938_U7a,0.000454,25222.222222222223,U,Central_Asia
OM194327,OM194327_V14,0.000241,13388.88888888889,V,Central_Asia
OM194252,OM194252_W3a1,0.00022,12222.222222222224,W,Central_Asia
MF523028,MF523028_W3b,0.000135,7500.000000000001,W,Central_Asia
MF523048,MF523048_W3b,0.000135,7500.000000000001,W,Central_Asia
OM194248,OM194248_W6,0.00049,27222.222222222223,W,Central_Asia
OM194307,OM194307_X2i,0.000221,12277.77777777778,X,Central_Asia
OM194334,OM194334_Z1a,0.000242,13444.444444444443,Z,Central_Asia
OM194333,OM194333_Z1a,0.00022,12222.222222222224,Z,Central_Asia
OM194277,OM194277_Z3,0.000492,27333.333333333336,Z,Central_Asia
OM194278,OM194278_Z4a,0.000348,19333.333333333336,Z,Central_Asia
OM194297,OM194297_H,0.000257,14277.77777777778,H,Central_Asia
MF523031,MF523031_H,0.000244,13555.555555555557,H,Central_Asia
OM194239,OM194239_H,0.000244,13555.555555555557,H,Central_Asia
OM194220,OM194220_H,0.000242,13444.444444444443,H,Central_Asia
OM194244,OM194244_H10e,0.000237,13166.666666666666,H,Central_Asia
OM194287,OM194287_H13,0.000198,11000.0,H,Central_Asia
MF523040,MF523040_H16152,0.000263,14611.111111111111,H,Central_Asia
OM194301,OM194301_H1a3,0.000237,13166.666666666666,H,Central_Asia
OM194309,OM194309_H1ba,0.000237,13166.666666666666,H,Central_Asia
OM194285,OM194285_H20c,0.000263,14611.111111111111,H,Central_Asia
OM194320,OM194320_H2a,0.000148,8222.222222222223,H,Central_Asia
MF523033,MF523033_H2a1a,7.7e-05,4277.777777777778,H,Central_Asia
MF523060,MF523060_H2a1f,3.5e-05,1944.4444444444443,H,Central_Asia
MF523062,MF523062_H2a1f,3.5e-05,1944.4444444444443,H,Central_Asia
OM194229,OM194229_H2a2a,0.000213,11833.333333333334,H,Central_Asia
OM194312,OM194312_H2a2a1,0.000213,11833.333333333334,H,Central_Asia
MF523049,MF523049_H2b,0.000183,10166.666666666668,H,Central_Asia
OM194232,OM194232_H3g3,0.000257,14277.77777777778,H,Central_Asia
MF523047,MF523047_H41a,0.000244,13555.555555555557,H,Central_Asia
OM194329,OM194329_H44b,0.000218,12111.111111111111,H,Central_Asia
OM194250,OM194250_H55153,0.000263,14611.111111111111,H,Central_Asia
MF523066,MF523066_H5a1,0.000353,19611.111111111117,H,Central_Asia
MF523058,MF523058_H5e1,0.000353,19611.111111111117,H,Central_Asia
MF523025,MF523025_H6a1b,0.000204,11333.333333333334,H,Central_Asia
MF523054,MF523054_H6b2,0.000204,11333.333333333334,H,Central_Asia
OM194241,OM194241_H79,0.000257,14277.77777777778,H,Central_Asia
OM194298,OM194298_H8b1,0.000217,12055.555555555557,H,Central_Asia
OM194319,OM194319_HV,9.6e-05,5333.333333333334,R,Central_Asia
OM194281,OM194281_HV,0.000151,8388.88888888889,R,Central_Asia
MF523067,MF523067_HV16311,0.000311,17277.77777777778,R,Central_Asia
OM194266,OM194266_HV16311,0.000311,17277.77777777778,R,Central_Asia
OM194225,OM194225_HV14a,0.000311,17277.77777777778,R,Central_Asia
MF523043,MF523043_HV18,0.000586,32555.55555555556,R,Central_Asia
OM194306,OM194306_HV1b,0.000586,32555.55555555556,R,Central_Asia
MF523156,MF523156_HV2,0.000464,25777.77777777778,R,Central_Asia
OM194275,OM194275_HV2a3,0.0,0.0,R,Central_Asia
OM194292,OM194292_HV2a3,0.0,0.0,R,Central_Asia
OM194257,OM194257_N,0.000713,39611.11111111111,N,Central_Asia
OM194261,OM194261_R,0.000985,54722.22222222223,R,Central_Asia
OM194273,OM194273_R,0.000713,39611.11111111111,R,Central_Asia
MF523029,MF523029_T2,0.000303,16833.333333333332,T,Central_Asia
OM194251,OM194251_T2,0.000303,16833.333333333332,T,Central_Asia
SCsq0063,SCsq0063_D4a1a1,2.4e-05,1333.3333333333337,D4,Central_Asia
SCsq0089,SCsq0089_D4a1a1,5.3e-05,2944.444444444445,D4,Central_Asia
SCsq0097,SCsq0097_D4a1a1,2.4e-05,1333.3333333333337,D4,Central_Asia
NA18995,NA18995_D4a1a1,0.000101,5611.111111111111,D4,Central_Asia
SCsq0009,SCsq0009_D4a1a1a,5.3e-05,2944.444444444445,D4,Central_Asia
SCsq0047,SCsq0047_D4a1b,0.000133,7388.88888888889,D4,Central_Asia
SCsq0055,SCsq0055_D4a1b,0.000137,7611.111111111111,D4,Central_Asia
SCsq0101,SCsq0101_D4a1b,0.000133,7388.88888888889,D4,Central_Asia
SCsq0103,SCsq0103_D4a1b1,0.000133,7388.88888888889,D4,Central_Asia
NA18992,NA18992_D4a1c,0.00021,11666.666666666668,D4,Central_Asia
KF540741,KF540741_D4a1e,6.3e-05,3500.0,D4,Central_Asia
HGDP00818,HGDP00818_D4a1e,6.3e-05,3500.0,D4,Central_Asia
SCsq0053,SCsq0053_D4a1e1,8.3e-05,4611.111111111111,D4,Central_Asia
KU683124,KU683124_D4a1e1,4.1e-05,2277.777777777778,D4,Central_Asia
KU683131,KU683131_D4a1e1,4.1e-05,2277.777777777778,D4,Central_Asia
SCsq0077,SCsq0077_D4a1f,0.00021,11666.666666666668,D4,Central_Asia
SCsq0003,SCsq0003_D4a2b,0.000365,20277.777777777777,D4,Central_Asia
NA18981,NA18981_D4a3b,0.000219,12166.666666666668,D4,Central_Asia
KF540735,KF540735_D4a3b2,3.3e-05,1833.3333333333333,D4,Central_Asia
HG00613,HG00613_D4a3b2,3.3e-05,1833.3333333333333,D4,Central_Asia
HGDP00811,HGDP00811_D4a3b2,7.1e-05,3944.444444444445,D4,Central_Asia
HGDP00828,HGDP00828_D4b1b1a1,0.000299,16611.111111111113,D4,Central_Asia
HG00662,HG00662_D4b1b2,0.000299,16611.111111111113,D4,Central_Asia
SCsq0061,SCsq0061_D4b2a2a1,0.000281,15611.111111111111,D4,Central_Asia
NA18998,NA18998_D4b2a2b,0.000281,15611.111111111111,D4,Central_Asia
HG00766,HG00766_D4b2b,0.000281,15611.111111111111,D4,Central_Asia
KU683532,KU683532_D4b2b1,0.000164,9111.111111111111,D4,Central_Asia
SCsq0006,SCsq0006_D4b2b1146,0.000164,9111.111111111111,D4,Central_Asia
KU683438,KU683438_D4c1,0.000403,22388.88888888889,D4,Central_Asia
NA18983,NA18983_D4c1a,9.5e-05,5277.777777777778,D4,Central_Asia
MF522890,MF522890_D4c1a1,9.5e-05,5277.777777777778,D4,Central_Asia
MF522995,MF522995_D4c2a,0.000236,13111.111111111111,D4,Central_Asia
HGDP01220,HGDP01220_D4c2b,0.000236,13111.111111111111,D4,Central_Asia
KT725924,KT725924_D4e1a,0.000464,25777.77777777778,D4,Central_Asia
SCsq0034,SCsq0034_D4e2,0.000464,25777.77777777778,D4,Central_Asia
KF056277,KF056277_D4j13,0.000284,15777.77777777778,D4,Central_Asia
KU683424,KU683424_D4j13,0.000284,15777.77777777778,D4,Central_Asia
KT725936,KT725936_D4j15,0.000341,18944.444444444445,D4,Central_Asia
KU683266,KU683266_D4j1a1,0.000352,19555.555555555555,D4,Central_Asia
HG01794,HG01794_F1a,0.000221,12277.77777777778,F1,Central_Asia
KU683108,KU683108_F1a,0.000221,12277.77777777778,F1,Central_Asia
HG02406,HG02406_F1a1,0.000203,11277.77777777778,F1,Central_Asia
KF541006,KF541006_F1a1d1,0.000195,10833.333333333334,F1,Central_Asia
FJ748725,FJ748725_F1a2,0.000183,10166.666666666668,F1,Central_Asia
HG01801,HG01801_F1a2a,0.000183,10166.666666666668,F1,Central_Asia
HGDP01186,HGDP01186_F1b1c,0.00033,18333.333333333336,F1,Central_Asia
MF522947,MF522947_F1b1e,8.3e-05,4611.111111111111,F1,Central_Asia
SCsq0078,SCsq0078_F1c,0.000326,18111.111111111117,F1,Central_Asia
HG00472,HG00472_F1c1a1b,0.000326,18111.111111111117,F1,Central_Asia
KU683306,KU683306_G2a152,0.00017,9444.444444444443,G2,Central_Asia
KT725964,KT725964_G2a1,0.000369,20500.000000000004,G2,Central_Asia
KT726109,KT726109_G2a116189,0.000369,20500.000000000004,G2,Central_Asia
NA19062,NA19062_G2a1b,0.000369,20500.000000000004,G2,Central_Asia
MF523149,MF523149_U3,0.000483,26833.33333333333,U,Central_Asia
KU682883,KU682883_U3b2a1,0.00039,21666.666666666668,U,Central_Asia
KU683105,KU683105_U3b3,0.00039,21666.666666666668,U,Central_Asia
MF522903,MF522903_U4a1,0.000478,26555.55555555556,U,Central_Asia
KU683072,KU683072_U7,0.000454,25222.222222222223,U,Central_Asia
KU683221,KU683221_Z1a1b,0.00022,12222.222222222224,Z,Central_Asia
KU683352,KU683352_Z3,0.000492,27333.333333333336,Z,Central_Asia
KT725948,KT725948_Z3b,0.000492,27333.333333333336,Z,Central_Asia
NA19072,NA19072_Z3c,0.000435,24166.666666666668,Z,Central_Asia
HGDP01230,HGDP01230_Z3d,0.000435,24166.666666666668,Z,Central_Asia
KU683342,KU683342_Z4a,0.000348,19333.333333333336,Z,Central_Asia
NA18942,NA18942_Z4a1a1,0.000348,19333.333333333336,Z,Central_Asia
KT726042,KT726042_Z7,0.000202,11222.222222222224,Z,Central_Asia
FJ748751,FJ748751_Z7,0.000202,11222.222222222224,Z,Central_Asia
MT554227,MT554227_X2225,0.000677,37611.11111111111,X,Central_Asia
MF522959,MF522959_X2i,0.000221,12277.77777777778,X,Central_Asia
KF540727,KF540727_Y1,0.000185,10277.777777777776,Y,Central_Asia
KT726015,KT726015_Y1a,0.00017,9444.444444444443,Y,Central_Asia
HGDP01024,HGDP01024_Y1a,0.00017,9444.444444444443,Y,Central_Asia
KU683154,KU683154_Y1a1,0.000185,10277.777777777776,Y,Central_Asia
MG952858,MG952858_C4a1a195,0.000162,9000.0,C,Central_Asia
KX358478,KX358478_C4a1a195,0.000162,9000.0,C,Central_Asia
KX358483,KX358483_C4a1a195,4e-06,222.22222222222223,C,Central_Asia
KX358484,KX358484_C4a1a195,4e-06,222.22222222222223,C,Central_Asia
KX358499,KX358499_C4a1a195,7.8e-05,4333.333333333333,C,Central_Asia
KF163042,KF163042_C4a1a1,0.00019,10555.555555555557,C,Central_Asia
KX358497,KX358497_C4a1a3,0.000108,6000.0,C,Central_Asia
KX358507,KX358507_C4a1a3,0.000101,5611.111111111111,C,Central_Asia
KX358471,KX358471_C4a1a3b,0.000101,5611.111111111111,C,Central_Asia
MG952875,MG952875_H15a1,8.6e-05,4777.777777777778,H,Central_Asia
JX153464,JX153464_H15a1,0.000115,6388.88888888889,H,Central_Asia
MG646275,MG646275_H15a1a1,4e-05,2222.2222222222226,H,Central_Asia
KF162889,KF162889_H15b,0.000102,5666.666666666667,H,Central_Asia
MN687123,MN687123_H15b1,2.8e-05,1555.5555555555557,H,Central_Asia
FJ384437,FJ384437_H15b1,1.8e-05,1000.0,H,Central_Asia
FJ384438,FJ384438_H15b1,1.8e-05,1000.0,H,Central_Asia
JX153480,JX153480_H13a1a,0.000198,11000.0,H,Central_Asia
KY409138,KY409138_H13a1a1,4.2e-05,2333.333333333333,H,Central_Asia
KY409444,KY409444_H13a1a1,6e-06,333.33333333333337,H,Central_Asia
KY409705,KY409705_H13a1a1,2.7e-05,1500.0,H,Central_Asia
KY409753,KY409753_H13a1a1,1.8e-05,1000.0,H,Central_Asia
KY410044,KY410044_H13a1a1,2.7e-05,1500.0,H,Central_Asia
KY409771,KY409771_H13a1a1,1.5e-05,833.3333333333334,H,Central_Asia
KY409284,KY409284_H13a1a1,2.8e-05,1555.5555555555557,H,Central_Asia
KY409925,KY409925_H13a1a1,6e-06,333.33333333333337,H,Central_Asia
HM852889,HM852889_H13a1a1,2.8e-05,1555.5555555555557,H,Central_Asia
HGDP01164,HGDP01164_H13a1a1,9.8e-05,5444.444444444444,H,Central_Asia
MG423619,MG423619_H13a1a1,8.9e-05,4944.444444444444,H,Central_Asia
KF162893,KF162893_H13a1a1a,9.6e-05,5333.333333333334,H,Central_Asia
KF162982,KF162982_H13a1a1a,9.6e-05,5333.333333333334,H,Central_Asia
JX153624,JX153624_H13a1a1d,8.9e-05,4944.444444444444,H,Central_Asia
KY409253,KY409253_U2e1,0.000289,16055.555555555557,U,Central_Asia
KJ856827,KJ856827_U2e1,0.000289,16055.555555555557,U,Central_Asia
KY409489,KY409489_U2e123,0.0,0.0,U,Central_Asia
KY408321,KY408321_U2e123,0.0,0.0,U,Central_Asia
KY408474,KY408474_U2e123,0.0,0.0,U,Central_Asia
KY408492,KY408492_U2e123,0.0,0.0,U,Central_Asia
KY408529,KY408529_U2e123,0.0,0.0,U,Central_Asia
KY408555,KY408555_U2e123,0.0,0.0,U,Central_Asia
KY408578,KY408578_U2e123,0.0,0.0,U,Central_Asia
KY408630,KY408630_U2e123,0.0,0.0,U,Central_Asia
KY408634,KY408634_U2e123,0.0,0.0,U,Central_Asia
KJ856697,KJ856697_U2e1a1,0.000156,8666.666666666666,U,Central_Asia
KJ856736,KJ856736_U2e1a1,0.000156,8666.666666666666,U,Central_Asia
KF606970,KF606970_U2e1a1,3.2e-05,1777.7777777777778,U,Central_Asia
KJ856677,KJ856677_U2e1a1,3.2e-05,1777.7777777777778,U,Central_Asia
KJ856694,KJ856694_U2e1a1,8.7e-05,4833.333333333334,U,Central_Asia
KJ856834,KJ856834_U2e1a1,0.000156,8666.666666666666,U,Central_Asia
KJ856821,KJ856821_U2e1a1c,0.000156,8666.666666666666,U,Central_Asia
KY409282,KY409282_U2e1b1,5.7e-05,3166.666666666667,U,Central_Asia
KY409356,KY409356_U2e1b1,5.7e-05,3166.666666666667,U,Central_Asia
KT698031,KT698031_U2e1b1,8e-06,444.44444444444446,U,Central_Asia
KJ856798,KJ856798_U2e1b1,1.9e-05,1055.5555555555557,U,Central_Asia
KJ856812,KJ856812_U2e1b1,2.6e-05,1444.4444444444443,U,Central_Asia
KJ856817,KJ856817_U2e1b1,2.6e-05,1444.4444444444443,U,Central_Asia
KJ856725,KJ856725_U2e1b1,3.8e-05,2111.1111111111118,U,Central_Asia
KJ856731,KJ856731_U2e1b1,8e-06,444.44444444444446,U,Central_Asia
KJ856833,KJ856833_U2e1b1,3.4e-05,1888.888888888889,U,Central_Asia
KX358473,KX358473_C4a1,0.000258,14333.333333333334,C,Central_Asia
KX358486,KX358486_C4a1a3c,0.000108,6000.0,C,Central_Asia
KX456818,KX456818_M,7e-05,3888.8888888888887,M,Southeast_Asia
MH448947,MH448947_M10,0.0,0.0,M10,Southeast_Asia
JX289127,JX289127_M10a,0.000298,16555.555555555555,M10,Southeast_Asia
MG272899,MG272899_M10a1,3.1e-05,1722.2222222222224,M10,Southeast_Asia
KX456623,KX456623_M10a1a,0.0,0.0,M10,Southeast_Asia
HG02024,HG02024_M10a1a1b1,0.000236,13111.111111111111,M10,Southeast_Asia
MH449097,MH449097_M11a2,0.000823,45722.22222222222,M11,Southeast_Asia
MG272629,MG272629_M12,0.000217,12055.555555555557,M12,Southeast_Asia
KT587623,KT587623_M12051,0.000534,29666.666666666668,M,Southeast_Asia
MG272774,MG272774_M12a1a,0.000217,12055.555555555557,M12,Southeast_Asia
HG02142,HG02142_M12a1a1,0.000296,16444.444444444445,M12,Southeast_Asia
PP654775,PP654775_M12a1b,0.000541,30055.55555555556,M12,Southeast_Asia
MG272620,MG272620_M12a2,0.000154,8555.555555555557,M12,Southeast_Asia
KX456826,KX456826_M12b,0.000368,20444.444444444445,M12,Southeast_Asia
KX457605,KX457605_M12b1a,0.000307,17055.555555555555,M12,Southeast_Asia
KT587436,KT587436_M12b1a2,8.4e-05,4666.666666666667,M12,Southeast_Asia
KC505070,KC505070_M12b1a2a,1.2e-05,666.6666666666667,M12,Southeast_Asia
KT587573,KT587573_M12b1b,0.0,0.0,M12,Southeast_Asia
PP654592,PP654592_M12b2a,0.0,0.0,M12,Southeast_Asia
HGDP01317,HGDP01317_M13,0.001022,56777.777777777774,M13,Southeast_Asia
MG272871,MG272871_M13a2,0.000768,42666.66666666667,M13,Southeast_Asia
KT587507,KT587507_M13b1,1.9e-05,1055.5555555555557,M13,Southeast_Asia
KT587540,KT587540_M13c,3e-05,1666.6666666666667,M13,Southeast_Asia
GQ301869,GQ301869_M17a,0.000381,21166.666666666668,M17,Southeast_Asia
KX456499,KX456499_M17c,0.000662,36777.77777777778,M17,Southeast_Asia
KX457440,KX457440_M17c1a,0.0,0.0,M17,Southeast_Asia
KT587536,KT587536_M17c1a1,0.000259,14388.88888888889,M17,Southeast_Asia
JX289108,JX289108_M18c,0.000663,36833.333333333336,M18,Southeast_Asia
PP654617,PP654617_M19,0.001022,56777.777777777774,M,Southeast_Asia
KT587451,KT587451_M20,0.000534,29666.666666666668,M20,Southeast_Asia
GU733805,GU733805_M21a,0.000914,50777.77777777778,M21,Southeast_Asia
KT587516,KT587516_M21b,0.000377,20944.444444444445,M21,Southeast_Asia
KT587574,KT587574_M21b210,0.000377,20944.444444444445,M21,Southeast_Asia
KC505091,KC505091_M21b1,0.000855,47500.0,M21,Southeast_Asia
GQ301866,GQ301866_M21b2,0.000855,47500.0,M21,Southeast_Asia
GQ301878,GQ301878_M22a,0.000228,12666.666666666668,M22,Southeast_Asia
KT587559,KT587559_M23,0.000501,27833.333333333336,M,Southeast_Asia
KT587561,KT587561_M2375,0.000501,27833.333333333336,M,Southeast_Asia
HGDP00711,HGDP00711_M24a,8.4e-05,4666.666666666667,M24,Southeast_Asia
KT587583,KT587583_M24b,0.000259,14388.88888888889,M24,Southeast_Asia
KT587596,KT587596_M26,0.000632,35111.11111111111,M,Southeast_Asia
MG272665,MG272665_M2a1a,0.000733,40722.22222222223,M,Southeast_Asia
KX456472,KX456472_M2c,0.000733,40722.22222222223,M,Southeast_Asia
MG272917,MG272917_M30,0.000357,19833.333333333336,M30,Southeast_Asia
KP346045,KP346045_M30c1,0.000357,19833.333333333336,M30,Southeast_Asia
PV067311,PV067311_M31a,0.000697,38722.22222222223,M,Southeast_Asia
JX289104,JX289104_M33a3a,0.000548,30444.444444444445,M33,Southeast_Asia
KP345999,KP345999_M33b,0.00049,27222.222222222223,M33,Southeast_Asia
KP346002,KP346002_M33b1,0.00049,27222.222222222223,M33,Southeast_Asia
KX457596,KX457596_M33c,0.000603,33500.0,M33,Southeast_Asia
JX289117,JX289117_M34a1a,0.001022,56777.777777777774,M,Southeast_Asia
PV067313,PV067313_M35b1,0.00043,23888.88888888889,M,Southeast_Asia
KP346036,KP346036_M35b4,0.00043,23888.88888888889,M,Southeast_Asia
KP345978,KP345978_M38,0.00068,37777.77777777778,M38,Southeast_Asia
KP346048,KP346048_M38a,0.000663,36833.333333333336,M38,Southeast_Asia
KX456918,KX456918_M3a1204,0.000612,34000.0,M,Southeast_Asia
KP345980,KP345980_M3c,0.000475,26388.88888888889,M3c,Southeast_Asia
KP346021,KP346021_M3c152,0.000475,26388.88888888889,M3c,Southeast_Asia
KC887464,KC887464_M3d1a,0.00082,45555.55555555556,M,Southeast_Asia
MG272842,MG272842_M40a1,0.001022,56777.777777777774,M,Southeast_Asia
JX289107,JX289107_M4316311,0.000885,49166.66666666667,M,Southeast_Asia
KX457348,KX457348_M45,9.9e-05,5500.0,M,Southeast_Asia
MG272916,MG272916_M45a,0.000252,14000.0,M,Southeast_Asia
KT587362,KT587362_M46,0.0,0.0,M13,Southeast_Asia
KP346011,KP346011_M467,0.000663,36833.333333333336,M,Southeast_Asia
PV067362,PV067362_M46a,0.0,0.0,M13,Southeast_Asia
KX457150,KX457150_M49e1,0.000329,18277.777777777777,M49,Southeast_Asia
KX457096,KX457096_M4a,0.000253,14055.555555555558,M,Southeast_Asia
JX289120,JX289120_M74b1,0.000117,6500.0,M74,Southeast_Asia
KT587352,KT587352_M74b2,1.3e-05,722.2222222222222,M74,Southeast_Asia
MH448953,MH448953_M74a,0.000594,33000.0,M74,Southeast_Asia
KT587489,KT587489_M74b,0.000174,9666.666666666668,M74,Southeast_Asia
KT587509,KT587509_M75,0.000587,32611.11111111111,M75,Southeast_Asia
KT587482,KT587482_M76,0.0,0.0,M76,Southeast_Asia
KX456534,KX456534_M76a,0.000509,28277.77777777778,M76,Southeast_Asia
GQ301865,GQ301865_M77,0.001022,56777.777777777774,M,Southeast_Asia
PP654798,PP654798_M79,0.000955,53055.55555555556,M,Southeast_Asia
MG272692,MG272692_M7b,0.000873,48500.0,M7,Southeast_Asia
KT587597,KT587597_M7b1a1,0.000873,48500.0,M7,Southeast_Asia
KX457629,KX457629_M74b,0.0,0.0,M74,Southeast_Asia
KX457640,KX457640_M74b,0.0,0.0,M74,Southeast_Asia
MT419358,MT419358_M74b,0.0,0.0,M74,Southeast_Asia
MT419101,MT419101_M74b,0.0,0.0,M74,Southeast_Asia
MT419105,MT419105_M74b,0.0,0.0,M74,Southeast_Asia
MT419107,MT419107_M74b,0.0,0.0,M74,Southeast_Asia
MT419121,MT419121_M74b,0.0,0.0,M74,Southeast_Asia
MT419123,MT419123_M74b,0.0,0.0,M74,Southeast_Asia
MT419292,MT419292_M74b,0.0,0.0,M74,Southeast_Asia
KX457003,KX457003_M74b,0.0,0.0,M74,Southeast_Asia
KX457016,KX457016_M74b,0.0,0.0,M74,Southeast_Asia
KX457018,KX457018_M74b,0.0,0.0,M74,Southeast_Asia
KX457158,KX457158_M74b,0.000242,13444.444444444443,M74,Southeast_Asia
MH449381,MH449381_M74b,0.0,0.0,M74,Southeast_Asia
MH449508,MH449508_M74b1,0.00016,8888.88888888889,M74,Southeast_Asia
GU733719,GU733719_M74b1,0.00016,8888.88888888889,M74,Southeast_Asia
GU733734,GU733734_M74b1,0.00016,8888.88888888889,M74,Southeast_Asia
KX457317,KX457317_M74b1,1.9e-05,1055.5555555555557,M74,Southeast_Asia
KX457328,KX457328_M74b1,1.9e-05,1055.5555555555557,M74,Southeast_Asia
KX457217,KX457217_M74b1,7e-05,3888.8888888888887,M74,Southeast_Asia
KX457556,KX457556_M74b1,7e-05,3888.8888888888887,M74,Southeast_Asia
KT587562,KT587562_M74b2,2.3e-05,1277.7777777777778,M74,Southeast_Asia
KT587581,KT587581_M74b2,1.3e-05,722.2222222222222,M74,Southeast_Asia
PP654672,PP654672_M74b2,1.6e-05,888.8888888888889,M74,Southeast_Asia
PP654675,PP654675_M74b2,1.6e-05,888.8888888888889,M74,Southeast_Asia
MG272755,MG272755_M75,0.000188,10444.444444444443,M75,Southeast_Asia
KX456860,KX456860_M75,0.000188,10444.444444444443,M75,Southeast_Asia
MG273084,MG273084_M75,0.000221,12277.77777777778,M75,Southeast_Asia
KT587487,KT587487_M76,0.0,0.0,M76,Southeast_Asia
KT587491,KT587491_M76,0.0,0.0,M76,Southeast_Asia
KT587492,KT587492_M76,0.0,0.0,M76,Southeast_Asia
KP345988,KP345988_M45,9.9e-05,5500.0,M,Southeast_Asia
KX457122,KX457122_M45a,5e-05,2777.7777777777783,M,Southeast_Asia
KX457139,KX457139_M45a,5e-05,2777.7777777777783,M,Southeast_Asia
KT587526,KT587526_M46,0.0,0.0,M13,Southeast_Asia
KT587629,KT587629_M46,0.0,0.0,M13,Southeast_Asia
PV067377,PV067377_M46a,0.0,0.0,M13,Southeast_Asia
KP346023,KP346023_M46a,0.000258,14333.333333333334,M13,Southeast_Asia
KX457349,KX457349_M48,0.0,0.0,M,Southeast_Asia
KX457351,KX457351_M48,0.0,0.0,M,Southeast_Asia
KP346047,KP346047_M49a,0.000626,34777.77777777778,M49,Southeast_Asia
JX289106,JX289106_M49c1,0.000626,34777.77777777778,M49,Southeast_Asia
KX457071,KX457071_M49e,0.0,0.0,M49,Southeast_Asia
JX289133,JX289133_M49e,0.0,0.0,M49,Southeast_Asia
KP346039,KP346039_M4a,0.000253,14055.555555555558,M,Southeast_Asia
MH449488,MH449488_M5,0.000914,50777.77777777778,M5,Southeast_Asia
GQ301868,GQ301868_M50,0.000955,53055.55555555556,M50,Southeast_Asia
KP346020,KP346020_M50,0.000929,51611.11111111112,M50,Southeast_Asia
PV067321,PV067321_M50a1,0.0,0.0,M50,Southeast_Asia
PV067326,PV067326_M50a1,0.0,0.0,M50,Southeast_Asia
PV067327,PV067327_M50a1,0.0,0.0,M50,Southeast_Asia
HG02070,HG02070_M51a2,0.00017,9444.444444444443,M,Southeast_Asia
KP345998,KP345998_M51a2,0.000308,17111.111111111113,M,Southeast_Asia
GQ301882,GQ301882_M51a2,0.00017,9444.444444444443,M,Southeast_Asia
KP346006,KP346006_M51a2,0.000308,17111.111111111113,M,Southeast_Asia
KC505098,KC505098_M51b,0.000121,6722.222222222223,M,Southeast_Asia
PP654627,PP654627_M51b,1.4e-05,777.7777777777778,M,Southeast_Asia
PP654646,PP654646_M51b,1e-05,555.5555555555557,M,Southeast_Asia
PP654651,PP654651_M51b,1.4e-05,777.7777777777778,M,Southeast_Asia
PP654655,PP654655_M51b,1e-05,555.5555555555557,M,Southeast_Asia
PP654656,PP654656_M51b,4.4e-05,2444.4444444444443,M,Southeast_Asia
KC505099,KC505099_M51b1a,0.000168,9333.333333333334,M,Southeast_Asia
KX457654,KX457654_M51b1a,2.5e-05,1388.8888888888891,M,Southeast_Asia
KX457665,KX457665_M51b1a,2.5e-05,1388.8888888888891,M,Southeast_Asia
GQ301879,GQ301879_M51b1a,6.1e-05,3388.888888888889,M,Southeast_Asia
PP654622,PP654622_M51b1b,0.0,0.0,M,Southeast_Asia
PP654565,PP654565_M51b1b,0.0,0.0,M,Southeast_Asia
PP654572,PP654572_M51b1b,0.0,0.0,M,Southeast_Asia
KP346034,KP346034_M54,0.000489,27166.666666666664,M,Southeast_Asia
KP346004,KP346004_M54,0.000489,27166.666666666664,M,Southeast_Asia
MG273079,MG273079_M55,0.0,0.0,M,Southeast_Asia
MG273080,MG273080_M55,0.0,0.0,M,Southeast_Asia
KX457331,KX457331_M57a,0.0,0.0,M,Southeast_Asia
KX457338,KX457338_M57a,0.0,0.0,M,Southeast_Asia
KX456818,KX456818_M,7e-05,3888.8888888888887,M,Southeast_Asia
MG272714,MG272714_M,0.000425,23611.11111111111,M,Southeast_Asia
KX457117,KX457117_M,0.0,0.0,M,Southeast_Asia
KX457127,KX457127_M,0.000117,6500.0,M,Southeast_Asia
KX457333,KX457333_M,1.9e-05,1055.5555555555557,M,Southeast_Asia
KX457345,KX457345_M,1.9e-05,1055.5555555555557,M,Southeast_Asia
KX457372,KX457372_M,5.3e-05,2944.444444444445,M,Southeast_Asia
JX289123,JX289123_M,0.0,0.0,M,Southeast_Asia
MG272880,MG272880_M,0.0,0.0,M,Southeast_Asia
MG272881,MG272881_M,0.0,0.0,M,Southeast_Asia
MG272883,MG272883_M,0.0,0.0,M,Southeast_Asia
MG272839,MG272839_M,1e-06,55.55555555555556,M,Southeast_Asia
MG272840,MG272840_M,0.0,0.0,M,Southeast_Asia
MG272841,MG272841_M,1e-06,55.55555555555556,M,Southeast_Asia
MG272843,MG272843_M,2e-06,111.11111111111111,M,Southeast_Asia
MG272845,MG272845_M,0.0,0.0,M,Southeast_Asia
MG272860,MG272860_M,0.0,0.0,M,Southeast_Asia
KX456537,KX456537_M,0.000287,15944.444444444443,M,Southeast_Asia
KX456642,KX456642_M,7e-05,3888.8888888888887,M,Southeast_Asia
MG273038,MG273038_M,0.000935,51944.444444444445,M,Southeast_Asia
KP346022,KP346022_M,0.000287,15944.444444444443,M,Southeast_Asia
KP346041,KP346041_M,0.000929,51611.11111111112,M,Southeast_Asia
KP346046,KP346046_M,0.000823,45722.22222222222,M,Southeast_Asia
KP346005,KP346005_M,0.0002,11111.111111111111,M,Southeast_Asia
KP346007,KP346007_M,0.0002,11111.111111111111,M,Southeast_Asia
MH448959,MH448959_M10,0.0,0.0,M10,Southeast_Asia
JX289101,JX289101_M10a1,3.1e-05,1722.2222222222224,M10,Southeast_Asia
KX456627,KX456627_M10a1a,0.0,0.0,M10,Southeast_Asia
MG272655,MG272655_M12,0.000277,15388.88888888889,M12,Southeast_Asia
KX457147,KX457147_M12051,0.0,0.0,M,Southeast_Asia
MG272903,MG272903_M12051,0.0,0.0,M,Southeast_Asia
KX457410,KX457410_M12b1a2,0.000123,6833.333333333334,M12,Southeast_Asia
KC505071,KC505071_M12b1a2a,7.8e-05,4333.333333333333,M12,Southeast_Asia
KC505072,KC505072_M12b1a2a,1.2e-05,666.6666666666667,M12,Southeast_Asia
KC505076,KC505076_M12b1a2b,0.000123,6833.333333333334,M12,Southeast_Asia
KT587364,KT587364_M12b1b,0.0,0.0,M12,Southeast_Asia
KT587612,KT587612_M12b1b,0.0,0.0,M12,Southeast_Asia
KP345982,KP345982_M13c,1.9e-05,1055.5555555555557,M13,Southeast_Asia
JX289092,JX289092_M13c,9e-06,500.00000000000006,M13,Southeast_Asia
GQ301873,GQ301873_M17a,0.000381,21166.666666666668,M17,Southeast_Asia
KT587457,KT587457_M17a,0.0,0.0,M17,Southeast_Asia
KT587458,KT587458_M17a,0.0,0.0,M17,Southeast_Asia
KT587521,KT587521_M17c,2.1e-05,1166.6666666666667,M17,Southeast_Asia
KT587512,KT587512_M17c,2.1e-05,1166.6666666666667,M17,Southeast_Asia
KT587569,KT587569_M17c,7.5e-05,4166.666666666667,M17,Southeast_Asia
KX456854,KX456854_M22a,0.000228,12666.666666666668,M22,Southeast_Asia
PV067297,PV067297_M22a,0.00054,30000.000000000004,M22,Southeast_Asia
GQ301880,GQ301880_M22b,0.000726,40333.333333333336,M22,Southeast_Asia
KX456804,KX456804_M24a,0.0,0.0,M24,Southeast_Asia
KX456805,KX456805_M24a,0.0,0.0,M24,Southeast_Asia
KX456811,KX456811_M24a,0.0,0.0,M24,Southeast_Asia
KX456814,KX456814_M24a,0.0,0.0,M24,Southeast_Asia
KX456819,KX456819_M24a,0.0,0.0,M24,Southeast_Asia
PP654522,PP654522_M24a,8.4e-05,4666.666666666667,M24,Southeast_Asia
MG272656,MG272656_M24a,0.000283,15722.222222222224,M24,Southeast_Asia
KX456881,KX456881_M24a,9.3e-05,5166.666666666667,M24,Southeast_Asia
KX456515,KX456515_M24b,5.8e-05,3222.2222222222226,M24,Southeast_Asia
KX456524,KX456524_M24b,5.8e-05,3222.2222222222226,M24,Southeast_Asia
MG272780,MG272780_M3256,0.000971,53944.444444444445,M,Southeast_Asia
KX457460,KX457460_M32c,0.000439,24388.88888888889,M,Southeast_Asia
KP345994,KP345994_M33a1,0.000548,30444.444444444445,M33,Southeast_Asia
PV067300,PV067300_M36d,0.001022,56777.777777777774,M,Southeast_Asia
KX456758,KX456758_M37e,0.000293,16277.77777777778,M,Southeast_Asia
MT419273,MT419273_M37e,0.000293,16277.77777777778,M,Southeast_Asia
MG272783,MG272783_M37e2,0.000445,24722.222222222223,M,Southeast_Asia
KP345990,KP345990_M12051,2.9e-05,1611.1111111111113,M,Southeast_Asia
KP345992,KP345992_M12051,2.9e-05,1611.1111111111113,M,Southeast_Asia
KP345983,KP345983_M12051,0.000169,9388.888888888889,M,Southeast_Asia
KP345986,KP345986_M12051,0.000273,15166.666666666668,M,Southeast_Asia
KX457281,KX457281_M12a1a,0.000217,12055.555555555557,M12,Southeast_Asia
KX457282,KX457282_M12a1a,0.000178,9888.888888888889,M12,Southeast_Asia
KX457119,KX457119_M12a1a,0.000178,9888.888888888889,M12,Southeast_Asia
MH449115,MH449115_M12a2,0.000154,8555.555555555557,M12,Southeast_Asia
MH449090,MH449090_M12b1a,0.000307,17055.555555555555,M12,Southeast_Asia
KT587615,KT587615_M12b1a2,8.4e-05,4666.666666666667,M12,Southeast_Asia
PP654842,PP654842_M12b1a2,1.9e-05,1055.5555555555557,M12,Southeast_Asia
PP654753,PP654753_M12b1a2,1.9e-05,1055.5555555555557,M12,Southeast_Asia
PP654757,PP654757_M12b1a2,1.6e-05,888.8888888888889,M12,Southeast_Asia
PP654763,PP654763_M12b1a2,4e-06,222.22222222222223,M12,Southeast_Asia
PP654788,PP654788_M12b1a2,0.000123,6833.333333333334,M12,Southeast_Asia
PP654791,PP654791_M12b1a2,4e-06,222.22222222222223,M12,Southeast_Asia
PP654793,PP654793_M12b1a2,8.2e-05,4555.555555555556,M12,Southeast_Asia
PP654795,PP654795_M12b1a2,1e-05,555.5555555555557,M12,Southeast_Asia
PP654567,PP654567_M12b2a,0.0,0.0,M12,Southeast_Asia
PP654706,PP654706_M13b1,3.3e-05,1833.3333333333333,M13,Southeast_Asia
PP654485,PP654485_M13b1,1.9e-05,1055.5555555555557,M13,Southeast_Asia
MG272769,MG272769_M13b1,0.000116,6444.444444444445,M13,Southeast_Asia
KT587552,KT587552_M13c,1.9e-05,1055.5555555555557,M13,Southeast_Asia
KX457143,KX457143_M13c,9e-06,500.00000000000006,M13,Southeast_Asia
PV067302,PV067302_M17c,0.000828,46000.0,M17,Southeast_Asia
KX457446,KX457446_M17c1a,0.0,0.0,M17,Southeast_Asia
MG272577,MG272577_M17c1a1,0.000259,14388.88888888889,M17,Southeast_Asia
MG272578,MG272578_M17c1a1,0.00035,19444.444444444445,M17,Southeast_Asia
MG272625,MG272625_M17c1a1,0.000259,14388.88888888889,M17,Southeast_Asia
HGDP00716,HGDP00716_M17c1a1a,3e-05,1666.6666666666667,M17,Southeast_Asia
KT587356,KT587356_M17c1a1a,1e-05,555.5555555555557,M17,Southeast_Asia
KT587402,KT587402_M17c1a1a,5e-06,277.7777777777778,M17,Southeast_Asia
KT587403,KT587403_M17c1a1a,5e-06,277.7777777777778,M17,Southeast_Asia
KT587409,KT587409_M17c1a1a,1e-05,555.5555555555557,M17,Southeast_Asia
KT587410,KT587410_M17c1a1a,7e-06,388.8888888888889,M17,Southeast_Asia
KT587448,KT587448_M17c1a1a,1e-05,555.5555555555557,M17,Southeast_Asia
KX457597,KX457597_R9b1a3,1.5e-05,833.3333333333334,R9b,Southeast_Asia
KX457160,KX457160_R9b1a3,3.5e-05,1944.4444444444443,R9b,Southeast_Asia
KX457264,KX457264_R9b1a3,9.8e-05,5444.444444444444,R9b,Southeast_Asia
MG272972,MG272972_R9b1a3,4e-06,222.22222222222223,R9b,Southeast_Asia
MG272977,MG272977_R9b1a3,3e-06,166.66666666666669,R9b,Southeast_Asia
MG272981,MG272981_R9b1a3,7e-06,388.8888888888889,R9b,Southeast_Asia
MG272983,MG272983_R9b1a3,3e-06,166.66666666666669,R9b,Southeast_Asia
MG272990,MG272990_R9b1a3,3.5e-05,1944.4444444444443,R9b,Southeast_Asia
MG273036,MG273036_R9b1a3,8.4e-05,4666.666666666667,R9b,Southeast_Asia
MG273074,MG273074_R9b1a3,9.8e-05,5444.444444444444,R9b,Southeast_Asia
MG273096,MG273096_R9b1a3,8.4e-05,4666.666666666667,R9b,Southeast_Asia
MG273122,MG273122_R9b1a3,9.8e-05,5444.444444444444,R9b,Southeast_Asia
HGDP01310,HGDP01310_R9b1a3,0.000153,8500.0,R9b,Southeast_Asia
MH448988,MH448988_R9b1a3,2.1e-05,1166.6666666666667,R9b,Southeast_Asia
MH449021,MH449021_R9b1a3,2.1e-05,1166.6666666666667,R9b,Southeast_Asia
KT587384,KT587384_R9b1b,0.00012,6666.666666666667,R9b,Southeast_Asia
HG02035,HG02035_R9b1b,0.00012,6666.666666666667,R9b,Southeast_Asia
HG02061,HG02061_R9b1b,0.000222,12333.333333333334,R9b,Southeast_Asia
PV067316,PV067316_R9b1b,8.6e-05,4777.777777777778,R9b,Southeast_Asia
MG272853,MG272853_R9b1b,8.6e-05,4777.777777777778,R9b,Southeast_Asia
MT418958,MT418958_R9b1b,0.000106,5888.88888888889,R9b,Southeast_Asia
KX457550,KX457550_R9b2,1.1e-05,611.1111111111111,R9b,Southeast_Asia
KX457558,KX457558_R9b2,5e-06,277.7777777777778,R9b,Southeast_Asia
KX457577,KX457577_R9b2,5e-06,277.7777777777778,R9b,Southeast_Asia
MH449274,MH449274_R9b2,3.1e-05,1722.2222222222224,R9b,Southeast_Asia
HG02020,HG02020_R9c,0.000642,35666.66666666667,R9c,Southeast_Asia
MG272581,MG272581_M7c1c3,0.000144,8000.000000000001,M7,Southeast_Asia
PV067322,PV067322_M7c1c3,0.000206,11444.444444444443,M7,Southeast_Asia
GU733792,GU733792_M7c1c3a,0.000144,8000.000000000001,M7,Southeast_Asia
JX987453,JX987453_M7c1c3b,0.000144,8000.000000000001,M7,Southeast_Asia
GU733735,GU733735_M7c1c3d,4.5e-05,2500.0000000000005,M7,Southeast_Asia
GU733804,GU733804_M7c1c3d,4.5e-05,2500.0000000000005,M7,Southeast_Asia
KX456946,KX456946_M7c2a,6.4e-05,3555.555555555556,M7,Southeast_Asia
KX457627,KX457627_M7c2a,6.4e-05,3555.555555555556,M7,Southeast_Asia
KX456634,KX456634_A152,0.000581,32277.77777777778,A,Southeast_Asia
MT419078,MT419078_A15216362,0.000581,32277.77777777778,A,Southeast_Asia
HG02139,HG02139_A15216362200,0.000331,18388.88888888889,A,Southeast_Asia
MT419207,MT419207_A13,0.000378,21000.000000000004,A,Southeast_Asia
MG272631,MG272631_A14,0.000287,15944.444444444443,A,Southeast_Asia
MT419320,MT419320_A15a,0.000581,32277.77777777778,A,Southeast_Asia
KX457344,KX457344_A17,0.000581,32277.77777777778,A,Southeast_Asia
MG272728,MG272728_A5b1,0.000472,26222.222222222223,A,Southeast_Asia
HG01872,HG01872_B4,0.00085,47222.22222222222,B4,Southeast_Asia
KT587539,KT587539_B416261,0.000659,36611.11111111111,B4,Southeast_Asia
HG02122,HG02122_B4a,0.000523,29055.55555555556,B4,Southeast_Asia
GU733730,GU733730_B4a1a,0.000244,13555.555555555557,B4,Southeast_Asia
GU733797,GU733797_B4a1a3a1,0.000244,13555.555555555557,B4,Southeast_Asia
