,ID,River,Haplogroup
0,HGDP01352,Yellow River,N1b1a1
1,HGDP01348,Yellow River,N1b1a1
2,HGDP01349,Yellow River,O1b1a1a1a2
3,HGDP01353,Yellow River,O2a2b1a2a1a1a1
4,HGDP01351,Yellow River,O2a2b1a2a1a1b1a1
5,HGDP01347,Yellow River,O2a2b1a2a1a4a1
6,HGDP01230,Yellow River,C2a1a3a1e1
7,HGDP01226,Yellow River,D1a1b1a
8,HGDP01224,Yellow River,N1a1a1a1a3a2b2
9,HGDP01225,Yellow River,O2a2b1a1a1
10,HGDP01229,Yellow River,O2a2b1a1a1a1a1b1a1a2
11,HGDP01227,Yellow River,Q1b1a3b
12,HGDP01296,Yellow River,C2a1a1b1a
13,HGDP01288,Yellow River,C2b1a1a1a1
14,HGDP01293,Yellow River,N1a2a1
15,HGDP01292,Yellow River,N1b2
16,HGDP01295,Yellow River,N1b2
17,HGDP00780,Yellow River,O1a1a1a3a
18,HGDP00977,Yellow River,O1a1a1b1a1
19,HGDP00774,Yellow River,O1a1a2c
20,HGDP00782,Yellow River,O1b1a1a1a1a1a1b1
21,HGDP01289,Yellow River,O1b1a1a1a1b2a1a2
22,HGDP00786,Yellow River,O1b1a2a
23,HGDP01294,Yellow River,O2a1b1a1a1a1a1a1b1
24,HGDP00971,Yellow River,O2a1b1a2a1a2b
25,HGDP00819,Yellow River,O2a2a1a1a1b
26,HGDP00815,Yellow River,O2a2b1a1a1a1a1a1b1
27,HGDP00779,Yellow River,O2a2b1a1a1a1b
28,HGDP00822,Yellow River,O2a2b1a1a1b1a1b
29,HGDP00821,Yellow River,O2a2b1a1a1b2
30,HGDP01290,Yellow River,O2a2b1a1b
31,HGDP00973,Yellow River,O2a2b2b1a1
32,HGDP00777,Yellow River,Q1a1a1a
33,LP6005441-DNA_C05,Yellow River,O1a1a1a1a1a1d1a1
34,NA18749,Yellow River,C2b1a1a1b
35,NA18620,Yellow River,C2b1a2a1a1
36,NA18612,Yellow River,C2b1a2b2a
37,NA18549,Yellow River,G2a2b2a1a1c1b
38,NA18613,Yellow River,N1a2a1a1
39,NA18747,Yellow River,N1b1a1a
40,NA18558,Yellow River,N1b1a1b
41,NA18608,Yellow River,N1b1a2a
42,NA18748,Yellow River,N1b1b1
43,NA18639,Yellow River,N1b2a1a
44,NA18536,Yellow River,O1a1a1a1a1a1a
45,NA18606,Yellow River,O1a1a1a1a1a2a2
46,NA18740,Yellow River,O1a1a2a1a1a
47,NA18632,Yellow River,O1a1a2a1b1a
48,NA18647,Yellow River,O1a1b
49,NA18636,Yellow River,O1b1a1a1a1b1b1
50,NA18638,Yellow River,O1b1a1b1a1a1
51,NA18603,Yellow River,O1b1a2a1
52,NA18637,Yellow River,O1b1a2a1a
53,NA18534,Yellow River,O1b1a2b1a
54,NA18561,Yellow River,O1b2a1a2a1b1
55,NA18563,Yellow River,O1b2a1b
56,NA18745,Yellow River,O2a1a1a1b1a
57,NA18605,Yellow River,O2a1a1b1a1b
58,NA18629,Yellow River,O2a1b1a1a1a1a1b1a1
59,NA18611,Yellow River,O2a1b1a1a1a1a1b2
60,NA18633,Yellow River,O2a1b1a1a1a1a3
61,NA18559,Yellow River,O2a1b1a1a1a1d1
62,NA18544,Yellow River,O2a1b2
63,NA18621,Yellow River,O2a2a2a1
64,NA18624,Yellow River,O2a2b1a1a1
65,NA18557,Yellow River,O2a2b1a1a1a1a1a1a1a5
66,NA18622,Yellow River,O2a2b1a1a1a1a1b1
67,NA18757,Yellow River,O2a2b1a1a1a1a1c1
68,NA18530,Yellow River,O2a2b1a1a1a4a
69,NA18623,Yellow River,O2a2b1a1a1b2
70,NA18548,Yellow River,O2a2b1a1b
71,NA18635,Yellow River,O2a2b1a2a1
72,NA18562,Yellow River,O2a2b1a2a1a1a1
73,NA18609,Yellow River,O2a2b1a2a1a1a1
74,NA18572,Yellow River,O2a2b1a2a1a1a2a1
75,NA18546,Yellow River,O2a2b1a2a1a1a2a1a1a
76,NA18643,Yellow River,O2a2b1a2a1a1b
77,NA18543,Yellow River,O2a2b1a2a1a1b1b2a
78,NA18648,Yellow River,O2a2b1a2a1a1b1b2b2
79,NA18645,Yellow River,R1b1a1b1b
80,HG02373,Yangtze River,C2b1b1a1b
81,HG02396,Yangtze River,O1a1a1a1a1a1a5
82,HG02384,Yangtze River,O1a1a1a1a1a1a5
83,HG02360,Yangtze River,O1a1a1b1b1a1a
84,HG01811,Yangtze River,O1a1a2a1a3
85,HG02399,Yangtze River,O1a1a2a1a3
86,HG02353,Yangtze River,O1a1a2a1a3
87,HG02385,Yangtze River,O1a1a2a1a3a
88,HG02250,Yangtze River,O1a1a2a1a3a
89,HG02386,Yangtze River,O1b1a1a1a1a1a1a1
90,HG02351,Yangtze River,O1b1a1a1a1a1a1a1a1a1a
91,HG02398,Yangtze River,O1b1a1a1a1a1a1a1a1a1a
92,HG02382,Yangtze River,O1b1a1a1a1a1a1a1a1a1a
93,HG02408,Yangtze River,O1b1a1a1a1a1a1a1b
94,HG02394,Yangtze River,O1b1a1a1a1a1a1a1b
95,HG02364,Yangtze River,O1b1a1a1a1a1a1a1b
96,HG02410,Yangtze River,O1b1a1a1a1a1a1a1b
97,HG02356,Yangtze River,O1b1a1a1a1a1a1a2a
98,HG02397,Yangtze River,O1b1a1a1a1a1b1a
99,HG02395,Yangtze River,O1b1a1a1a1a1b1a
100,HG00844,Yangtze River,O1b1a1a1a1a1b1b
101,HG02402,Yangtze River,O1b1a1a1a1b1a1a1a2b
102,HG01028,Yangtze River,O1b1a1a1a1b1a1a1a3
103,HG00982,Yangtze River,O1b1a1a1a1b1b
104,HG01031,Yangtze River,O1b1a1a1a1b1b
105,HG02401,Yangtze River,O1b1a1a1a1b1b
106,HG02390,Yangtze River,O1b1a1a1a1b1b
107,HG02409,Yangtze River,O1b1a1a1a1b2a1a1a
108,HG02374,Yangtze River,O1b1a1a1a1b2a1a1a
109,HG02407,Yangtze River,O1b1a1a1b1
110,HG02389,Yangtze River,O1b1a1a1b1b1a
111,HG02392,Yangtze River,O2a1b2a2a
112,HG01816,Yangtze River,O2a2a1a2a1b
113,HG02375,Yangtze River,O2a2b1a1a1a3a1a2
114,HG00881,Yangtze River,O2a2b1a1a1a4a
115,HG02371,Yangtze River,O2a2b1a1a1a4a2a
116,HG02391,Yangtze River,O2a2b1a1a1a4a2a1a1
117,HG01810,Yangtze River,O2a2b1a1a1a4a2a1a1
118,HG02355,Yangtze River,O2a2b1a1a1a4a2a1a1
119,HG02379,Yangtze River,O2a2b1a1a1a4a2a1a1
120,HG02380,Yangtze River,O2a2b1a1a1a4a2a1b
121,HG02383,Yangtze River,O2a2b1a1a1a4a2a1b
122,HG02406,Yangtze River,O2a2b1a1a1a4a2a1b
123,HG02367,Yangtze River,O2a2b1a2a1a2a1
124,HGDP01310,Yangtze River,C1b1a2b
125,HGDP01313,Yangtze River,O1b1a1a1b
126,HGDP01311,Yangtze River,O1b1a1a1b2a
127,HGDP01309,Yangtze River,O2a1b2a1a
128,HGDP01318,Yangtze River,F
129,HGDP01322,Yangtze River,F
130,HGDP01321,Yangtze River,F
131,HGDP01317,Yangtze River,F
132,HGDP01319,Yangtze River,O2a1b1a1a1a1f1a2a
133,HGDP01326,Yangtze River,O2a2b1a2a1a1a2a1a1a
134,HGDP01339,Yangtze River,N1b2
135,HGDP01342,Yangtze River,O1b1
136,HGDP01337,Yangtze River,Q1a1a1
137,HGDP01341,Yangtze River,Q1a1a1a
138,HGDP01340,Yangtze River,Q1a1a1a
139,LP6005443-DNA_E01,Yangtze River,F
140,HGDP01183,Yangtze River,D1a1a1a1b
141,HGDP01185,Yangtze River,D1a1a1a1b
142,HGDP01182,Yangtze River,N1b2
143,HGDP01181,Yangtze River,O1b1a1a1a1a1a1a2a
144,HGDP01184,Yangtze River,O1b1a1a1b1a
145,HGDP01180,Yangtze River,O1b1a1a1b1b1a
146,HGDP01187,Yangtze River,O2a1b1a1a1a1f1a2a1a
147,HGDP01186,Yangtze River,O2a2b1a1a1a4a2a3
148,LP6005442-DNA_G01,Yangtze River,O1b1a1a1b1b
149,HGDP01192,Yangtze River,N1b2
150,HGDP01193,Yangtze River,O1b1a1a1a1a1a1a2b
151,HGDP01189,Yangtze River,O1b1a1a1a2a1
152,HGDP01190,Yangtze River,O1b1a1a1a2a1
153,HGDP01195,Yangtze River,O2a2a1a2a1a1a2a1a1a1
154,HGDP01194,Yangtze River,O2a2a1a2a1a1a2a1a1a1
155,HGDP01104,Yangtze River,C2b1b1b2
156,HGDP01101,Yangtze River,N1b2
157,HGDP01100,Yangtze River,O1a1a1b1b1a1a
158,HGDP01099,Yangtze River,O2a1a1a1a1b1
159,HGDP01097,Yangtze River,O2a2b1a1a1a1a1a1a
160,HGDP01096,Yangtze River,O2a2b1a1a1c1b
161,HGDP01103,Yangtze River,O2a2b1a2a1a2a1a
162,HGDP01102,Yangtze River,O2a2b2a1b1
163,LP6005443-DNA_A02,Yangtze River,O1b1a1a1a1a1a1a2b
164,LP6005442-DNA_C07,No,O2a2a1a2a2
165,LP6005442-DNA_E07,No,O1a1a1a
166,HG00630,Zhujiang River,C2b2
167,HG00628,Zhujiang River,C2b2
168,HG00595,Zhujiang River,O1a1a1a1a1a1b
169,HG00577,Zhujiang River,O1a1a1a1a1a1b
170,HG00580,Zhujiang River,O1a1a2a1a2
171,HG00703,Zhujiang River,O1b1a1a1a1a1a1a1a1a1a
172,HG00701,Zhujiang River,O1b1a1a1a1a1a1a1a1a1a
173,HG00728,Zhujiang River,O1b1a1a1a1a1b1a1a
174,HG00420,Zhujiang River,O1b1a1a2
175,HG00418,Zhujiang River,O1b1a1a2
176,HG00442,Zhujiang River,O1b1a1a2
177,HG00444,Zhujiang River,O1b1a1a2
178,HG00459,Zhujiang River,O1b1a1b1a1b2
179,HG00457,Zhujiang River,O1b1a1b1a1b2
180,HG00634,Zhujiang River,O1b1a2a1
181,HG00636,Zhujiang River,O1b1a2a1
182,HG00406,Zhujiang River,O1b1a2c
183,HG00533,Zhujiang River,O1b2a1a2b
184,HG00530,Zhujiang River,O1b2a1a2b
185,HG00532,Zhujiang River,O1b2a1a2b
186,HG00535,Zhujiang River,O1b2a1a2b
187,HG00448,Zhujiang River,O2a1a1a1a
188,HG00478,Zhujiang River,O2a1a1a1a2
189,HG00480,Zhujiang River,O2a1a1a1a2
190,HG00538,Zhujiang River,O2a1a1a1b1
191,HG00542,Zhujiang River,O2a1a1a1b1
192,HG00475,Zhujiang River,O2a1a1a1b1
193,HG00465,Zhujiang River,O2a1a1a1b1
194,HG00463,Zhujiang River,O2a1a1a1b1
195,HG00502,Zhujiang River,O2a1a1a1b1
196,HG00500,Zhujiang River,O2a1a1a1b1
197,HG00536,Zhujiang River,O2a1a1a1b1
198,HG00477,Zhujiang River,O2a1a1a1b1
199,HG00613,Zhujiang River,O2a1b1a1a1a1a1a1a1a1
200,HG00451,Zhujiang River,O2a1b1a1a1a1a1a1a1a2a
201,HG00436,Zhujiang River,O2a1b1a1a1a1a1a1a1a2a1a
202,HG00421,Zhujiang River,O2a1b1a1a1a1a1a1a2a
203,HG00709,Zhujiang River,O2a1b1a1a1a1a1a1a2b
204,HG00707,Zhujiang River,O2a1b1a1a1a1a1a1a2b
205,HG00445,Zhujiang River,O2a1b1a1a1a1a1a1b1e
206,HG00403,Zhujiang River,O2a1b1a1a1a1f2b
207,HG00609,Zhujiang River,O2a1b1a1a1a1h1
208,HG00607,Zhujiang River,O2a1b1a1a1a1h1
209,HG00474,Zhujiang River,O2a1b1a2a1a1a1b1
210,HG00472,Zhujiang River,O2a1b1a2a1a1a1b1
211,HG00610,Zhujiang River,O2a1b1a2a2b
212,HG00656,Zhujiang River,O2a2a1a1a1a
213,HG00704,Zhujiang River,O2a2a1a1a1a
214,HG00691,Zhujiang River,O2a2a1a1a1a
215,HG00671,Zhujiang River,O2a2a1a1a1a
216,HG00662,Zhujiang River,O2a2a1a1a1a
217,HG00694,Zhujiang River,O2a2a1a1a1a
218,HG00698,Zhujiang River,O2a2a1a1a1a
219,HG00658,Zhujiang River,O2a2a1a1a1a
220,HG00706,Zhujiang River,O2a2a1a1a1a
221,HG00673,Zhujiang River,O2a2a1a1a1a
222,HG00674,Zhujiang River,O2a2a1a1a1a
223,HG00689,Zhujiang River,O2a2a1a1a1a
224,HG00692,Zhujiang River,O2a2a1a1a1a
225,HG00650,Zhujiang River,O2a2a1a1a1a
226,HG00664,Zhujiang River,O2a2a1a1a1a
227,HG00653,Zhujiang River,O2a2a1a2a1a1b2
228,HG00625,Zhujiang River,O2a2a2a2
229,HG00622,Zhujiang River,O2a2a2a2
230,HG00627,Zhujiang River,O2a2a2a2
231,HG00594,Zhujiang River,O2a2b1a1a1
232,HG00592,Zhujiang River,O2a2b1a1a1
233,HG00409,Zhujiang River,O2a2b1a1a1a1
234,HG00619,Zhujiang River,O2a2b1a1a1a3a1a1
235,HG00621,Zhujiang River,O2a2b1a1a1a3a1a1
236,HG00565,Zhujiang River,O2a2b1a1a1c1a1a1
237,HG00567,Zhujiang River,O2a2b1a1a1c1a1a1
238,HG00598,Zhujiang River,O2a2b1a1a1c1a1a2a
239,HG00685,Zhujiang River,O2a2b1a2a1a1a1a1a1a
240,HG00683,Zhujiang River,O2a2b1a2a1a1a1a1a1a
241,HG00583,Zhujiang River,O2a2b1a2a1a1b1
242,HG00591,Zhujiang River,O2a2b1a2a1a1b1b1
243,HG00589,Zhujiang River,O2a2b1a2a1a1b1b1
244,HG00526,Zhujiang River,O2a2b1a2a1a1b1b2b2
245,HG00512,Zhujiang River,O2a2b1a2a1a1b1b2b2
246,HG00524,Zhujiang River,O2a2b1a2a1a1b1b2b2
247,HG00427,Zhujiang River,O2a2b1a2a1a2a1a
248,HG00429,Zhujiang River,O2a2b1a2a1a2a1a
249,HG00556,Zhujiang River,O2a2b2a1a1
250,HG00631,Zhujiang River,O2a2b2a1b1
251,HG00559,Zhujiang River,O2b1a1a1a1
252,HGDP01330,Zhujiang River,O1a1a1a1a1a1c1a1
253,HGDP01327,Zhujiang River,O1a1a1a1a1a1c1a1
254,HGDP01331,Zhujiang River,O2a1b1a1a1a1a1a1b1b1
255,HGDP01332,Zhujiang River,O2a2a1a2a1a1a2a1a1a
256,HGDP01329,Zhujiang River,O2a2a1a2a1a1a2a1a1a
257,HGDP01328,Zhujiang River,O2a2b1a2a1a1b1b1
258,HGDP01302,No,C2a1a2a2a2
259,HGDP01304,No,J2a2a1a1a
260,HGDP01298,No,L1a2a1b
261,HGDP01303,No,O2a2b1a2a1a1b1b2b2
262,HGDP01300,No,R1a1a1b2a1
263,HGDP01301,No,R1b1a1b1b
264,HGDP01299,No,R1b2b1a
265,HGDP01244,No,C2a1a1b1a
266,HGDP01247,No,C2a1a2a2a1
267,HGDP01243,No,J2a1a1b2a1a2
268,HGDP01249,No,N1a1a1a1a3a2c
269,HGDP01248,No,O2b1a1a1
270,HGDP01245,No,T1a3b2a1
271,LP6005443-DNA_B02,No,R1a1a1b2a1a2c2d1
272,LP6005442-DNA_D01,No,C2a1a2a1a1
273,LP6005443-DNA_C02,No,O2a2b1a2a1a1b1b2b2
274,HGDP01213,No,C2a1a3a2
275,HGDP01218,No,C2a1a3a4
276,HGDP01214,No,D1a1a1a1a1b
277,HGDP01221,No,N1a1a3
278,HGDP01217,No,O1b1a1a1a1b2a1a2a
279,HGDP01220,No,O2a2b1a1a1e2
280,HGDP01216,No,O2a2b2a1a2
281,HGDP01237,No,C2a1a1b1a4
282,HGDP01233,No,C2b1a1a1
283,HGDP01241,No,O2a2b1a1a1d1a
284,HGDP01236,No,O2a2b1a2a1a1a2a1a1a1a1
285,HGDP01206,No,C2a1a2a1a1a
286,HGDP01208,No,C2a1a2a1a1a
287,HGDP01204,No,C2a1a2a1b
288,HGDP01205,No,C2a1a3a2
289,HGDP01207,No,C2b1b2
290,LP6005441-DNA_G05,No,O1b2a1a2a1a
291,LP6005441-DNA_E09,No,N1a1a3
292,LP6005442-DNA_C02,,G2a1a1c2
293,LP6005441-DNA_G08,,E1b1b1b1a1b
294,LP6005442-DNA_G02,,J2a1a1b2a1a2
295,HG04155,,C1b1a1a2a1a
296,HG04157,,C1b1a1a2a1a
297,HG03593,,C1b1a1a2a1b
298,HG03917,,C2b1a2a1b
299,HG03824,,H1a1a1c
300,HG03929,,H1a1a4a
301,HG04164,,H1a1a4a1
302,HG04191,,H1a1a4b
303,HG04193,,H1a1a4b
304,HG04185,,H1a1a4b2a1
305,HG04187,,H1a1a4b2a1
306,HG03815,,H1a1a4b2a2
307,HG03009,,H1a1a4b2c1a1a2
308,HG03600,,H1a1a4b2c1a2
309,HG03941,,H1a1a4b2c2
310,HG03942,,H1a1a4b2c2
311,HG04161,,H1a1a4b3b1a1
312,HG03800,,H1a1a4b3b1a5
313,HG04176,,H1a1a4b3b1b
314,HG04146,,H1a1a4b3b1c
315,HG04188,,H1a1b
316,HG03812,,H1a1b1b1
317,HG03596,,H1a2b1a2
318,HG03594,,H1a2b1a2
319,HG03809,,H1a2b1b
320,HG04149,,H1a2b1b2
321,HG03615,,J2a1a1b1
322,HG03012,,J2a1a1b1a1a
323,HG03905,,J2a1a1b1a1a
324,HG03906,,J2a1a1b1a1a
325,HG03806,,J2a1a1b1a1a
326,HG03909,,J2b2a2b2a
327,HG03908,,J2b2a2b2a
328,HG03920,,L1a1b3a2c
329,HG03821,,L1a2a2
330,HG04173,,O1b1a1a1b1a
331,HG04140,,O1b1a1a1b1a
332,HG04134,,O2a2b1a1a1a4a
333,HG03830,,O2a2b1a1a1a4a2a2
334,HG03798,,Q1b2a1a1
335,HG03797,,Q1b2a1a1
336,HG03914,,Q2b3a
337,HG03911,,R1a1a1b2a1a1
338,HG03833,,R1a1a1b2a1a1a1
339,HG03803,,R1a1a1b2a1a1a1
340,HG03603,,R1a1a1b2a1a1a1b
341,HG03585,,R1a1a1b2a1a1a1f
342,HG03606,,R1a1a1b2a1a2c1
343,HG03902,,R1a1a1b2a1a2c1d2
344,HG04131,,R1a1a1b2a2a1b1
345,HG04194,,R1a1a1b2a3
346,HG03926,,R1a1a1b2a3b
347,HG03795,,R2a2b1b1
348,HG03794,,R2a2b1b1
349,HG04152,,R2a2b1b2b2a1b
350,HG04182,,R2a2b1b2b3b2a
351,HG04158,,R2a2b1b2c
352,HG04160,,R2a2b1b2c
353,HG01890,,A0b
354,HG01888,,E1a2a1b1a
355,HG01882,,E1a2a1b1a
356,HG02449,,E1a2a1b1a
357,HG02496,,E1b1a1a1a1a1a
358,HG02107,,E1b1a1a1a1a1b
359,HG02323,,E1b1a1a1a1c1a1a3b2
360,HG02442,,E1b1a1a1a1c1a1a3c1b2b
361,HG02484,,E1b1a1a1a1c1a1a3c2b1c
362,HG01987,,E1b1a1a1a1c1a1a3c2b3
363,HG01990,,E1b1a1a1a1c1a1a3c2b3
364,HG02255,,E1b1a1a1a1c1a1a3c2b4
365,HG02307,,E1b1a1a1a1c1a1a3d4c
366,HG02284,,E1b1a1a1a1c1a1a3d5c
367,HG01986,,E1b1a1a1a1c1a1a3d5d
368,HG02489,,E1b1a1a1a1c1a1a3h
369,HG02481,,E1b1a1a1a1c1a1a3m2
370,HG02283,,E1b1a1a1a1c1a1a4b
371,HG01897,,E1b1a1a1a1c1a1b2
372,HG02013,,E1b1a1a1a1c1a1b2
373,HG02429,,E1b1a1a1a1c1b2a1b
374,HG02011,,E1b1a1a1a1c1b2a2
375,HG02009,,E1b1a1a1a1c1b2a2
376,HG02334,,E1b1a1a1a1c1b2a2
377,HG02145,,E1b1a1a1a2a1a2a
378,HG02143,,E1b1a1a1a2a1a2a2
379,HG02258,,E1b1a1a1a2a1a2a3
380,HG02314,,E1b1a1a1a2a1a2a3
381,HG02439,,E1b1a1a1a2a1a2b
382,HG01885,,E1b1a1a1a2a1a3a1c
383,HG02332,,E1b1a1a1a2a1a3b1a12a1
384,HG01895,,E1b1a1a1a2a1a3b1a12a2
385,HG01912,,E1b1a1a1a2a1a3b1a12a2
386,HG02055,,E1b1a1a1a2a1a3b1a12b
387,HG02053,,E1b1a1a1a2a1a3b1a12b
388,HG02557,,E1b1a1a1a2a1a3b1a2b
389,HG01914,,E1b1a1a1a2a1a3b1a8b
390,HG02554,,E1b1a1a1a2a1a3b1d
391,HG02541,,E1b1a1a1a2a1a3b1d1c2
392,HG02455,,E1b1a1a1a2a1a3b2
393,HG02330,,E1b1b1a1a1c1a1a
394,HG02316,,E1b1b1b1b2
395,HG02317,,E1b1b1b1b2
396,HG02445,,I1a2a1a1a1a2a1a
397,HG02420,,I1a2a1a1a1a2b1
398,HG02433,,I1a2a1a1a2a2a1
399,HG02536,,I2a1b1a1a1a1a1
400,HG02470,,I2a1b1a1b1a1a
401,HG01988,,I2a1b2a2c2a1
402,HG02545,,R1b1a1b1a1a1c2b1b3b
403,HG02281,,R1b1a1b1a1a1c2b2a1b1a4b2a2
404,HG02343,,R1b1a1b1a1a1c2b2b1a1a1e3
405,HG01879,,R1b1a1b1a1a2
406,HG02051,,R1b1a1b1a1a2c
407,HG02501,,R1b1a1b1a1a2c1a1a1a1a
408,HG01887,,R1b1a1b1a1a2c1b2a1a1a
409,HG02014,,R1b1a1b1a1a2c1b2a1a1a
410,HGDP01152,,G2a2b2a1a1b1a1a2a1b2a2a
411,HGDP01174,,R1b1a1b1a1a1c1a
412,HGDP01149,,R1b1a1b1a1a2a1b1a1
413,HGDP01151,,R1b1a1b1a1a2b
414,HGDP01155,,R1b1a1b1a1a2b
415,HGDP01173,,R1b1a1b1a1a2b
416,LP6005441-DNA_F01,,E1b1a1a1a1a3
417,LP6005443-DNA_E02,,E1b1a1a1a1a3
418,LP6005443-DNA_G02,,E1b1a1a1a1c
419,HGDP00662,,M1
420,HGDP00788,,M1
421,HGDP00655,,M1
422,HGDP00823,,M1
423,HGDP00490,,M1
424,HGDP00491,,M2a
425,HGDP01009,,Q1b1a1a1
426,HGDP01013,,Q1b1a1a1
427,HGDP01019,,Q1b1a1a1e3
428,HGDP00843,,Q1b1a1a1
429,HGDP00849,,Q1b1a1a1
430,HGDP00845,,Q1b1a1a1
431,HGDP00837,,Q1b1a1a1
432,LP6005441-DNA_G06,,Q1b1a1a1
433,LP6005442-DNA_B03,,E1b1b1a1b1a10g
434,LP6005442-DNA_A03,,J2b2a1a1a1a1a2a2
435,HGDP00720,,C1a1a1b
436,HGDP00715,,N1b2a1
437,HGDP00714,,O1b1a1a1a1a1a1a1a1a2a
438,HGDP00716,,O2a2b1a1a1c1a1a2a
439,LP6005441-DNA_G03,,O1b1a1a1b1a1
440,HGDP00599,,E1b1b1a1b1a16a
441,HGDP00594,,J2a1a1a2a2b2
442,HGDP00588,,J2a1a1a2a2b2
443,HGDP00576,,J2a1a1a2b2a2b2
444,HGDP00600,,J2a1a1b2a1a2a1
445,HGDP00562,,L1a1c
446,HGDP00604,,L1a1c
447,HGDP00602,,L1a1c
448,HGDP00598,,L1a1c
449,HGDP00580,,L1a1c
450,HGDP00595,,R1b1a1b1a1a2b
451,HGDP01404,,G2a1a1a1a1a1a1b
452,HGDP01383,,G2a2b2a1a1a1b1a
453,HGDP01385,,G2a2b2a1a1a1b1b1b1b
454,HGDP01403,,J2a1
455,HGDP01397,,J2a1a1a2b2a2b2a2
456,HGDP01396,,R1a1a1b2a2a1
457,HGDP01092,,B2a1a1a1a2
458,HGDP00479,,B2b1
459,HGDP00453,,B2b1
460,HGDP00475,,B2b1a1c1
461,HGDP01087,,B2b1a1c1
462,HGDP01090,,B2b1a1c1
463,HGDP00452,,B2b1a1c1
464,HGDP00459,,E1b1a1a1a1c1a1a3a1a1
465,HGDP00454,,E1b1a1a1a1c1a1a3a1d
466,HGDP00464,,E1b1a1a1a1c1a1a3a1d
467,HGDP00458,,E1b1a1a1a1c1a1a3a1d
468,HGDP00470,,E1b1a1a1a1c1a1a3a1d
469,HGDP01086,,E1b1a1a1a1c1a1a3a1d
470,HGDP00981,,E1b1a1a1a1c1a1a3a1d
471,HGDP00472,,E1b1a1a1a1c1a1a3a1d
472,HGDP00460,,E1b1a1a1a1c1a1a3a1g
473,HGDP00465,,E1b1a1a1a1c1a1a3a1g
474,HGDP00466,,E1b1a1a1a1c1a1a3a1g
475,HGDP00473,,E1b1a1a1a2a1a3b
476,HGDP00455,,E1b1a1a1a2a1a3b1a19a
477,HGDP00985,,E1b1a1a1a2a1a3b1a19a
478,HGDP00469,,E1b1a1a1a2a1a3b1a19a
479,HGDP00986,,E1b1a1a1a2a1a3b1d
480,HGDP01094,,E1b1a1a1a2a1a3b1d1c1a
481,LP6005441-DNA_G02,,B2a1a1a1a2
482,LP6005441-DNA_H02,,B2b1a1b
483,HGDP00729,,E1b1b1a1b2a4c1
484,HGDP00733,,G2a2b2a1a1a1d2
485,HGDP00734,,G2a2b2a1a1a1d2
486,HGDP00730,,G2a2b2a1a1a1d2
487,HGDP00732,,G2a2b2a1a1a1d2
488,HGDP00727,,G2a2b2a1a1a1d2
489,HGDP00726,,G2a2b2a1a1a1d2
490,HGDP00723,,G2a2b2a1a1a1d2
491,HGDP00731,,G2a2b2a1a1a1d2
492,HGDP00724,,G2a2b2b2a2
493,HG01556,,E1b1a1a1a1c1a1a3c2b2
494,HG01485,,E1b1a1a1a2a1a3b1a10c
495,HG01362,,E1b1a1a1a2a1a3b1a9b
496,HG01499,,E1b1b1a1a1c1b1a1a1
497,HG01497,,E1b1b1a1a1c1b1a1a1
498,HG01377,,E1b1b1a1a2a2
499,HG01252,,E1b1b1b2a1a1a1a1f1a1
500,HG01250,,E1b1b1b2a1a1a1a1f1a1
501,HG01457,,E1b1b1b2a1a5
502,HG01112,,E1b1b1b2a1a5
503,HG01455,,E1b1b1b2a1a5
504,HG01347,,I1a2a1a1a1b5
505,HG01344,,I2a1a1a1a1a6a
506,HG01433,,J1a2a1a2d2b2b2b
507,HG01431,,J1a2a1a2d2b2b2b
508,HG01130,,J1a2a1a2d2b2b2c4c4a2a1
509,HG01437,,J1a2a1a2d2b2b2c4c4a2a1
510,HG01494,,J1a2b1b2c
511,HG01258,,J1b1a1
512,HG01256,,J1b1a1
513,HG01255,,J1b1a1b
514,HG01253,,J1b1a1b
515,HG01139,,Q1b1a1a1e2a
516,HG01142,,Q1b1a1a1e2b
517,HG01126,,Q1b1a1a1r
518,HG01124,,Q1b1a1a1r
519,HG01552,,R1b1a1b1a1a1c2b2b1a1a1b2b
520,HG01274,,R1b1a1b1a1a1c2b2b1a1a1b2b
521,HG01550,,R1b1a1b1a1a1c2b2b1a1a1b2b
522,HG01121,,R1b1a1b1a1a2
523,HG01443,,R1b1a1b1a1a2
524,HG01341,,R1b1a1b1a1a2
525,HG01353,,R1b1a1b1a1a2
526,HG01461,,R1b1a1b1a1a2
527,HG01491,,R1b1a1b1a1a2
528,HG01273,,R1b1a1b1a1a2a1a1
529,HG01271,,R1b1a1b1a1a2a1a1
530,HG01261,,R1b1a1b1a1a2a1a1a1
531,HG01280,,R1b1a1b1a1a2a1a1a1
532,HG01479,,R1b1a1b1a1a2a1a1a1
533,HG01259,,R1b1a1b1a1a2a1a1a1
534,HG01488,,R1b1a1b1a1a2a1a1a1
535,HG01440,,R1b1a1b1a1a2a1a1a1
536,HG01365,,R1b1a1b1a1a2a1b
537,HG01359,,R1b1a1b1a1a2a1b1a1
538,HG01374,,R1b1a1b1a1a2a1b1a1
539,HG01464,,R1b1a1b1a1a2a1b1a1a
540,HG01148,,R1b1a1b1a1a2a1b1a1a
541,HG01350,,R1b1a1b1a1a2a5
542,HG01389,,R1b1a1b1a1a2a5
543,HG01358,,R1b1a1b1a1a2b
544,HG01356,,R1b1a1b1a1a2b
545,HG01383,,R1b1a1b1a1a2b
546,HG01138,,R1b1a1b1a1a2c1a4b7
547,HG01136,,R1b1a1b1a1a2c1a4b7
548,HG01277,,R1b1a1b1b3a1
549,HG01135,,T1a1a1b2b2b1a1a1c
550,HG01133,,T1a1a1b2b2b1a1a1c
551,LP6005441-DNA_A08,,B2b1b
552,HGDP00462,,B2a1
553,HGDP00478,,B2a1
554,HGDP00467,,B2b1a1a
555,HGDP00468,,B2b1a1a
556,HGDP00984,,B2b1a1a
557,HGDP01081,,E1b1a1a1a1c1a1a3
558,HGDP00450,,E1b1a1a1a1c1a1a3a1d1b2a
559,HGDP00983,,E2b1a1
560,HGDP00463,,E2b1a1
561,LP6005442-DNA_E10,,R1b1a1b1a1a2a1b1a1a
562,HG00234,,I1a2a1a1a1b1a
563,HG00101,,I1a2a1a1d1a1b1a
564,HG00159,,I1a2a1a1d2a1
565,HG00252,,I1a2a2a3a1
566,HG00117,,I1b2
567,HG00140,,I1b3
568,HG00136,,I2a1b1a2b1a2a1a1a1a1a3a
569,HG00160,,J2b2a1a1a1a1a1b1
570,HG00151,,R1a1a1b1a
571,HG00114,,R1a1a1b1a3a2a1
572,HG00113,,R1a1a1b1a3a2a1
573,HG00109,,R1a1a1b1a3a2b2b1b1
574,HG00260,,R1b1a1b1a1a1b1a
575,HG00108,,R1b1a1b1a1a1b1a
576,HG00256,,R1b1a1b1a1a1c
577,HG00155,,R1b1a1b1a1a1c1a2a
578,HG00265,,R1b1a1b1a1a1c2b1a1a1
579,HG00131,,R1b1a1b1a1a1c2b1b4d
580,HG00149,,R1b1a1b1a1a1c2b2a1b1a4a1a1
581,HG00143,,R1b1a1b1a1a1c2b2a1b1a4a1b
582,HG00251,,R1b1a1b1a1a1c2b2a1b1a4b1b
583,HG01789,,R1b1a1b1a1a2
584,HG00264,,R1b1a1b1a1a2
585,HG00141,,R1b1a1b1a1a2a1a2
586,HG00112,,R1b1a1b1a1a2a1b
587,HG01791,,R1b1a1b1a1a2a1b1a1
588,HG00126,,R1b1a1b1a1a2a1b1a1a
589,HG00107,,R1b1a1b1a1a2a6
590,HG00129,,R1b1a1b1a1a2b
591,HG00145,,R1b1a1b1a1a2b
592,HG00142,,R1b1a1b1a1a2b1c1a1a1a1
593,HG00244,,R1b1a1b1a1a2b1c1b1a2a
594,HG00119,,R1b1a1b1a1a2c
595,HG00115,,R1b1a1b1a1a2c
596,HG00096,,R1b1a1b1a1a2c1a1f1a2
597,HG00103,,R1b1a1b1a1a2c1a2b2a
598,HG00105,,R1b1a1b1a1a2c1a4b5a1a
599,HG00242,,R1b1a1b1a1a2c1a5b1a1a
600,HG00116,,R1b1a1b1a1a2c1a5b1a1a2b
601,HG00243,,R1b1a1b1a1a2c1b1
602,HG00157,,R1b1a1b1a1a2d1a
603,HG01334,,R1b1a1b1a1a2d1a
604,HG00139,,R1b1a1b1a1a2e
605,HG00138,,R1b1a1b1a1a2e2
606,HG00148,,R1b1a1b1a1a3a
607,LP6005442-DNA_G03,,N1a1a1a1a1a1a1a4e
608,LP6005442-DNA_H03,,N1a1a1a1a1a2a1a2b
609,HG00345,,I1a1b1a4a1a1b1a2a1
610,HG00321,,I1a1b1a4a1a1b1a4b
611,HG00372,,I1a1b1a4a1a1b2
612,HG00308,,I1a1b1a4a1a1c1a
613,HG00325,,I1a1b1a4a1a1e1a
614,HG00186,,I1a1b1a4a1a1h1a
615,HG00190,,I1a1b1a4a2a1a1b
616,HG00189,,I1a1b1b1a1a
617,HG00310,,I1a2b2
618,HG00360,,I2a1a2b1a1a2a1
619,HG00181,,J1a2a1a2c1a1a1
620,HG00341,,N1a1a1a1a1a1a2a1
621,HG00351,,N1a1a1a1a1a1a3a
622,HG00369,,N1a1a1a1a1a2a1a1a
623,HG00342,,N1a1a1a1a1a2a1b1a
624,HG00280,,N1a1a1a1a1a2b1a
625,HG00311,,N1a1a1a1a2a1a1a
626,HG00273,,N1a1a1a1a2a1a1a1a1a1a1
627,HG00336,,N1a1a1a1a2a1a1a1a1a1a1
628,HG00358,,N1a1a1a1a2a1a1a1a1a1a1a1a
629,HG00338,,N1a1a1a1a2a1a1a1a1a1a1a1b
630,HG00290,,N1a1a1a1a2a1a1a1a1a1a1a2
631,HG00271,,N1a1a1a1a2a1a1a1a1a1a1d
632,HG00185,,N1a1a1a1a2a1a1a1a1a1a2
633,HG00335,,N1a1a1a1a2a1a1a1a1a1b
634,HG00188,,N1a1a1a1a2a1a1a1a1a2
635,HG00183,,N1a1a1a1a2a1a1a1a2b
636,HG00182,,N1a1a1a1a2a1a1a1a2c
637,HG00284,,N1a1a1a1a2a1a1a1b1a1a
638,HG00375,,N1a1a1a1a2a1a1a1b1a2a
639,HG00371,,N1a1a1a1a2a1a1a1b1b1a1a1
640,HG00278,,N1a1a1a1a2a1a1a1b1b1a1b
641,HG00187,,N1a1a1a1a2a1a1a1b1b1b
642,HG00329,,N1a1a1a1a2a1a1a2a1
643,HG00382,,R1a1a1b1a2a2b1a
644,HG00277,,R1a1a1b1a2a3a1a1a
645,HG00366,,R1a1a1b1a2b3a3a2a
646,HG00267,,R1b1a1b1a1a1c2b2a1b1a4b1a1a2
647,LP6005442-DNA_C10,,I1a1b1a4a2a1a1b
648,HGDP01360,,E1b1b1a1a1c1a
649,HGDP01358,,J2a1a2b2a2b2a
650,HGDP01361,,R1b1a1b1a1a2
651,HGDP01379,,R1b1a1b1a1a2
652,HGDP01362,,R1b1a1b1a1a2a1a1a1
653,HGDP01371,,R1b1a1b1a1a2a1a1a1
654,HGDP01370,,R1b1a1b1a1a2a1a1a1
655,HGDP01375,,R1b1a1b1a1a2a1a1a1
656,HGDP01378,,R1b1a1b1a1a2a1a1a1
657,HGDP01376,,R1b1a1b1a1a2a1a2
658,HGDP01359,,R1b1a1b1a1a2a1b1a1
659,HGDP01374,,R1b1a1b1a1a2c1a1a1a1
660,HGDP01372,,R1b1a1b1a1a2c1a4b2d1a
661,HGDP01377,,R1b1a1b1a1a2c1a4b2d2
662,HGDP01357,,R1b1a1b1a1a2c1a4b2d2
663,HGDP00538,,E1b1b1a1b1a6a1e1
664,HGDP00528,,H2a1
665,HGDP00518,,I1a2b
666,HGDP00525,,J2a1a1a2b2a1a1c1a
667,HGDP00522,,R1b1a1b1a1a1c2a1
668,HGDP00512,,R1b1a1b1a1a2a1a2
669,HGDP00519,,R1b1a1b1a1a2b
670,HGDP00511,,R1b1a1b1b3a1
671,HGDP00515,,R1b1a1b1b3a1a1
672,LP6005441-DNA_C02,,R1b1a1b1a1a2a1a1a1
673,LP6005441-DNA_A05,,J2a1a1a2b2a1a1a
674,LP6005442-DNA_G10,,E1b1a1a1a1c2c3b2
675,LP6005442-DNA_B04,,G2a1a1a1a1a1a2a
676,LP6005442-DNA_A04,,J2a1
677,LP6005442-DNA_G07,,E1b1b1a1b1a6a1
678,HG02141,,C2b1b1c
679,HG02040,,F4
680,HG02026,,N1a2a1b
681,HG02138,,N1b2a1b
682,HG02015,,O1a1a1b1b
683,HG02017,,O1a1a1b1b
684,HG02077,,O1a1a1b1b1b1
685,HG02079,,O1a1a1b1b1b1
686,HG01849,,O1b1a1a1a1a1a1a1
687,HG01867,,O1b1a1a1a1a1a1a1
688,HG01846,,O1b1a1a1a1a1a1a1
689,HG01840,,O1b1a1a1a1a1a1a1
690,HG02512,,O1b1a1a1a1a1a1a1a1a
691,HG02514,,O1b1a1a1a1a1a1a1a1a
692,HG02521,,O1b1a1a1a1a1a1a2
693,HG02020,,O1b1a1a1a1a1a1a2b
694,HG02030,,O1b1a1a1a1a1a1b
695,HG02032,,O1b1a1a1a1a1a1b
696,HG01842,,O1b1a1a1a1a1a1b1a
697,HG02064,,O1b1a1a1a1a1b2
698,HG01873,,O1b1a1a1a1a1b2
699,HG02083,,O1b1a1a1a1a1b2
700,HG02085,,O1b1a1a1a1a1b2
701,HG01865,,O1b1a1a1b1a2
702,HG02061,,O1b1a1a1b1a2
703,HG01844,,O1b1a1a1b2a
704,HG02076,,O1b1a2c
705,HG02074,,O1b1a2c
706,HG02029,,O2a1a1a1a1a1a
707,HG02027,,O2a1a1a1a1a1a
708,HG02067,,O2a1a1b1a1a
709,HG02128,,O2a1b1a1a1a1c1a1
710,HG01596,,O2a1b1a1a1a1c1a1
711,HG02047,,O2a1b1a1a1a1e1a2a1
712,HG02070,,O2a1b1a1a1a1f1a2a
713,HG02073,,O2a2a1a2a1a1a2
714,HG02071,,O2a2a1a2a1a1a2
715,HG02035,,O2a2a1a2a1a1a2
716,HG02135,,O2a2a1a2a1b
717,HG02023,,O2a2a1a2a1b
718,HG02129,,O2a2a1a2a1b
719,HG02131,,O2a2a1a2a1b
720,HG02137,,O2a2a1a2a1b
721,HG01861,,O2a2a1a2a1b
722,HG02082,,O2a2b1a1a1a3a1a1a1
723,HG01866,,O2a2b1a1a1a4a2a1a1
724,HG01852,,O2a2b1a1a1b1a1a
725,HG02122,,O2a2b1a1a1b1a1b
726,HG02120,,O2a2b1a1a1b1a1b
727,HG01860,,O2a2b1a2a1a1a1a1a1a1
728,HG01864,,O2a2b1a2a1a1a2a1a1a
729,HG02058,,O2a2b1a2a1a1a2a1a1a
730,HG02056,,O2a2b1a2a1a1a2a1a1a
731,HG02050,,O2a2b1a2a2b1
732,HG01872,,O2a2b2a1b2a
733,HG02088,,O2b1b
734,HG02524,,Q1a1a1
735,HG02116,,Q1a1a1a1a
736,HG02134,,Q1a1a1a1a1
737,HG02132,,Q1a1a1a1a1
738,NA21127,,C1b1a1a1a1a1a
739,NA21100,,C1b1a1a1a1a1a1
740,NA21123,,C1b1a1a1a1a1a1
741,NA21094,,C1b1a1a1a1a1a1
742,NA20889,,C1b1a1a1a1a1a1
743,NA21117,,C1b1a1a1a1a1a1
744,NA21119,,C1b1a1a1a1a1a1a1a1a
745,NA21091,,C1b1a1a1a1a1a1a1a1b
746,NA21124,,C1b1a1a1a1a1a1a2
747,NA20911,,C1b1a1a1a1a1a1a4
748,NA21118,,C1b1a1a1a1a1a2
749,NA21133,,C1b1a1a1b
750,NA20870,,G1a1a2a1
751,NA20858,,G1a1a2b
752,NA20901,,H1a1a4b2c1a1a1
753,NA21126,,H1a1a4b3a1a
754,NA21107,,H1a1a4b3a2
755,NA21116,,H1a1a4b3b
756,NA20863,,H1a1a4b3b1a2
757,NA21099,,H1a1a4b4a
758,NA21113,,H1a1a4b4a
759,NA21087,,H1a1a4b4b
760,NA21093,,H1a1b1a
761,NA21112,,H1a1b1a1a
762,NA21111,,H1a1b1a1b
763,NA20884,,J2a1a1b1
764,NA21090,,J2a1a1b1a1a
765,NA21130,,J2a1a1b2a1a1
766,NA20885,,J2b2a2b2b1a
767,NA20905,,J2b2a2b2b1b1
768,NA21135,,L1a1b3a1a2a1
769,NA21109,,L1a1b3a1a2a1
770,NA21128,,L1a1b3a1a2a2
771,NA20861,,L1a1b3a1b
772,NA20867,,L1a1b3b
773,NA20852,,R1a1a1b2a1a1a1
774,NA21104,,R1a1a1b2a1a1a1f
775,NA20890,,R1a1a1b2a1a1a1f1a
776,NA21098,,R1a1a1b2a1a1a1f2a1
777,NA20904,,R1a1a1b2a1a2a
778,NA20850,,R1a1a1b2a1a2c1
779,NA20891,,R1a1a1b2a1a2c1
780,NA20846,,R1a1a1b2a1a2c2d
781,NA21114,,R1a1a1b2a1a2c2d2a
782,NA21115,,R1a1a1b2a1a2c2d2a
783,NA21129,,R1a1a1b2a1a2c2d2a
784,NA21095,,R1a1a1b2a1a2c2d5
785,NA20864,,R1a1a1b2a2a1b1
786,NA21092,,R1a1a1b2a2a1d5a
787,NA20897,,R1a1a1b2a3
788,NA20866,,R1b1a1b1b3a
789,NA20903,,R2a2b1b2a1a
790,NA20887,,R2a2b1b2a1a
791,NA21105,,R2a2b1b2b3
792,NA20895,,R2a2b1b2b3b1
793,NA20845,,R2a2b1b2b3b2a
794,LP6005442-DNA_A08,,I1a2a1a1a5a1a2a
795,NA19239,,E1a2a1a1a1
796,NA19191,,E1a2a1a1a2
797,NA19189,,E1a2a1a1a2
798,NA19150,,E1a2a1a1b
799,NA18857,,E1a2a1b1b
800,NA18856,,E1a2a1b1b
801,NA18911,,E1a2a1b2
802,NA18910,,E1a2a1b2
803,NA18862,,E1b1a1a1a1c1a1a3
804,NA18863,,E1b1a1a1a1c1a1a3
805,NA19174,,E1b1a1a1a1c1a1a3a1
806,NA19117,,E1b1a1a1a1c1a1a3a1
807,NA19223,,E1b1a1a1a1c1a1a3a1b2b
808,NA18917,,E1b1a1a1a1c1a1a3a1d1a
809,NA19173,,E1b1a1a1a1c1a1a3a1d1a1
810,NA19171,,E1b1a1a1a1c1a1a3a1d1a1
811,NA19101,,E1b1a1a1a1c1a1a3a1d1a2
812,NA19103,,E1b1a1a1a1c1a1a3a1d1a2
813,NA19092,,E1b1a1a1a1c1a1a3a1d1a2
814,NA19213,,E1b1a1a1a1c1a1a3a1d1d
815,NA19107,,E1b1a1a1a1c1a1a3a1e
816,NA18908,,E1b1a1a1a1c1a1a3b3
817,NA19224,,E1b1a1a1a1c1a1a3c
818,NA19203,,E1b1a1a1a1c1a1a3c
819,NA19205,,E1b1a1a1a1c1a1a3c
820,NA18503,,E1b1a1a1a1c1a1a3c1b1a
821,NA18504,,E1b1a1a1a1c1a1a3c1b1a1
822,NA19146,,E1b1a1a1a1c1a1a3c1b4
823,NA18915,,E1b1a1a1a1c1a1a3c2a1
824,NA19198,,E1b1a1a1a1c1a1a3c3
825,NA18515,,E1b1a1a1a1c1a1a3d
826,NA18516,,E1b1a1a1a1c1a1a3d
827,NA19208,,E1b1a1a1a1c1a1a3d1
828,NA19207,,E1b1a1a1a1c1a1a3d1
829,NA18506,,E1b1a1a1a1c1a1a3d3
830,NA18507,,E1b1a1a1a1c1a1a3d3
831,NA19249,,E1b1a1a1a1c1a1a3d4a
832,NA19248,,E1b1a1a1a1c1a1a3d4a
833,NA19113,,E1b1a1a1a1c1a1a3d4b
834,NA18874,,E1b1a1a1a1c1a1a3d4d
835,NA18519,,E1b1a1a1a1c1a1a3e2
836,NA19200,,E1b1a1a1a1c1a1a3j
837,NA19211,,E1b1a1a1a1c1a1a3k
838,NA19210,,E1b1a1a1a1c1a1a3k
839,NA19123,,E1b1a1a1a1c1a1a3l2
840,NA19121,,E1b1a1a1a1c1a1a3l2
841,NA18877,,E1b1a1a1a1c1a1a3l3
842,NA18510,,E1b1a1a1a1c1a1a3m3
843,NA18869,,E1b1a1a1a1c1a1b4
844,NA18868,,E1b1a1a1a1c1a1b4
845,NA19098,,E1b1a1a1a1c1b2b
846,NA19142,,E1b1a1a1a2a1a1a
847,NA19141,,E1b1a1a1a2a1a1a
848,NA18500,,E1b1a1a1a2a1a1b
849,NA18501,,E1b1a1a1a2a1a1b
850,NA18497,,E1b1a1a1a2a1a2a1
851,NA18859,,E1b1a1a1a2a1a2a1
852,NA18860,,E1b1a1a1a2a1a2a1
853,NA18498,,E1b1a1a1a2a1a2a1
854,NA18925,,E1b1a1a1a2a1a3a1b
855,NA18923,,E1b1a1a1a2a1a3a1b
856,NA19161,,E1b1a1a1a2a1a3b1a
857,NA19160,,E1b1a1a1a2a1a3b1a
858,NA18872,,E1b1a1a1a2a1a3b1a10
859,NA18871,,E1b1a1a1a2a1a3b1a10
860,NA18521,,E1b1a1a1a2a1a3b1a15
861,NA18522,,E1b1a1a1a2a1a3b1a15
862,NA19128,,E1b1a1a1a2a1a3b1a2a
863,NA19096,,E1b1a1a1a2a1a3b1a2a1a
864,NA18486,,E1b1a1a1a2a1a3b1a2a1b
865,NA19258,,E1b1a1a1a2a1a3b1a2a3
866,NA19256,,E1b1a1a1a2a1a3b1a2a3
867,NA19139,,E1b1a1a1a2a1a3b1a3
868,NA19138,,E1b1a1a1a2a1a3b1a3
869,NA19186,,E1b1a1a1a2a1a3b1a4a
870,NA19184,,E1b1a1a1a2a1a3b1a4a
871,NA18865,,E1b1a1a1a2a1a3b1a4b
872,NA19154,,E1b1a1a1a2a1a3b1a6
873,NA19153,,E1b1a1a1a2a1a3b1a6
874,NA18854,,E1b1a1a1a2a1a3b1a7
875,NA18853,,E1b1a1a1a2a1a3b1a7
876,NA19130,,E1b1a1a1a2a1a3b1a8a1
877,NA19120,,E1b1a1a1a2a1a3b1a8a2
878,NA19119,,E1b1a1a1a2a1a3b1a8a2
879,NA18914,,E1b1a1a1a2a1a3b1d
880,NA18935,,E1b1a1a1a2a1a3b1d
881,NA18913,,E1b1a1a1a2a1a3b1d
882,NA18934,,E1b1a1a1a2a1a3b1d
883,NA18879,,E1b1a1a1a2a1a3b1d1
884,NA19145,,E1b1a1a1a2a1a3b3a
885,NA19144,,E1b1a1a1a2a1a3b3a
886,NA18485,,E1b1a1a1a2a1a3b3b
887,NA18487,,E1b1a1a1a2a1a3b3b
888,NA19236,,E1b1a1a1a2a1a3b5
889,NA19177,,E2b2a
890,NA19175,,E2b2a
891,LP6005443-DNA_B10,,E1b1b1a1b2a4c
892,LP6005442-DNA_C04,,Q2a1a3a1a
893,LP6005441-DNA_E02,,J1a2a1a2d2b2b2c4b1c1c1a1a
894,LP6005441-DNA_G04,,J1a2a1a2d2b2b2c4d2a2a5a1a
895,NA20544,,E1b1b1a1a2a1b
896,NA20510,,E1b1b1a1b1a12
897,NA20516,,E1b1b1a1b1a6b
898,NA20528,,E1b1b1a1b1a9a
899,NA20767,,G2a2b1a1b1a1
900,NA20536,,G2a2b2a1a1b1a1a2a1a4
901,NA20511,,I1a2a1a1a2b1a
902,NA20762,,I1a2a1a1a5a1a1
903,NA20543,,J1a2a1a2d2b2b2c4b2b2
904,NA20765,,J2a1a1a2b2a1a1a2a1a
905,NA20815,,J2a1a1a2b2a1a1c2a
906,NA20513,,J2a1a1a2b2a1a1c2b1a
907,NA20827,,J2a1a1a2b2a1a1c2b1a
908,NA20521,,J2a1a1a2b2a2b3
909,NA20801,,J2a1a1a2b2a2b3a2a1a
910,NA20787,,J2a1a1a2b2a2b3a2a1a
911,NA20534,,J2a1a1a2b2a3b1b1
912,NA20805,,J2a1a1b2a1b1b2
913,NA20778,,J2a1a1b2a1b1b3
914,NA20809,,J2a1a1b2a1b1b3a2b
915,NA20763,,J2b2a1a
916,NA20525,,J2b2a1a1a1a1a1a1c
917,NA20811,,J2b2a1a1a1a1a1a1e
918,NA20588,,J2b2b1
919,NA20796,,R1a1a1b2a4b1
920,NA20539,,R1a1a1b2a4b1
921,NA20586,,R1b1a1b1a1a1c2b2a1b1b1a
922,NA20524,,R1b1a1b1a1a1c2b2b1a
923,NA20770,,R1b1a1b1a1a2
924,NA20518,,R1b1a1b1a1a2a1a1a2
925,NA20519,,R1b1a1b1a1a2a1a2
926,NA20752,,R1b1a1b1a1a2a1a2
927,NA20754,,R1b1a1b1a1a2b
928,NA20755,,R1b1a1b1a1a2b
929,NA20792,,R1b1a1b1a1a2b
930,NA20512,,R1b1a1b1a1a2b
931,NA20759,,R1b1a1b1a1a2b1a
932,NA20515,,R1b1a1b1a1a2b1a1
933,NA20812,,R1b1a1b1a1a2b1c1b
934,NA20538,,R1b1a1b1a1a2b2b1
935,NA20806,,R1b1a1b1a1a2b2b1
936,NA20798,,R1b1a1b1a1a2b2b1
937,NA20803,,R1b1a1b1a1a2b2b1
938,NA20509,,R1b1a1b1a1a2b3c
939,NA20814,,R1b1a1b1a1a2b3c
940,NA20581,,R1b1a1b1a1a2b3c
941,NA20810,,R1b1a1b1a1a2b4
942,NA20783,,R1b1a1b1a1a2f
943,NA20785,,R1b1a1b1a2
944,NA20532,,R1b1a1b1b
945,NA20520,,T1a1a
946,NA20527,,T1a1a1b2b2b1a1a1
947,NA20758,,T1a2b1a
948,HGDP01077,,E1b1b1a2a
949,HGDP01073,,G2a2b2a1a1a1a1a1a1g
950,HGDP01071,,I2a1a1a1a1a1a1a1b1a
951,HGDP00666,,I2a1a1a1a1a1a1e5e3b
952,HGDP00668,,I2a1a1a1a1a1a1e5e3b1a
953,HGDP01063,,I2a1a1a1a1a1a1e5e4b
954,HGDP01066,,I2a1a1a1a1a1a1e5e4b
955,HGDP01069,,I2a1a1a1a1a3
956,HGDP00671,,I2a1a1a1a1a4a2
957,HGDP01075,,R1b1a1b1a1a2b
958,HGDP01067,,R1b1b2a1
959,HGDP01167,,E1b1b1a1b1a23
960,HGDP01162,,G2a2b2a1a1b2a2
961,HGDP01164,,I2a2b1c2
962,HGDP01161,,R1b1a1b1a1a2b
963,HGDP01166,,R1b1a1b1a1a2b3c
964,LP6005441-DNA_A06,,I2a1b2a2b
965,LP6005441-DNA_C11,,J1a2a1a2d2b2b2c4
966,HGDP00758,,C1a1a1b
967,HGDP00768,,C2a1a
968,HGDP00767,,C2b1b1b4
969,HGDP00828,,D1a2a1b
970,HGDP00752,,D1a2a1b2a1a1a
971,HGDP00790,,D1a2a1b2a1a1a
972,HGDP00769,,D1a2a1b2a1a1a
973,HGDP00747,,D1a2a3a1a
974,HGDP00757,,D1a2b1b1a1
975,HGDP00750,,O1b2a1a1
976,HGDP00755,,O1b2a1a1
977,HGDP00748,,O1b2a1a1
978,HGDP00762,,O1b2a1a1
979,HGDP00763,,O1b2a1a1a1
980,HGDP00766,,O1b2a1a2a1
981,HGDP00791,,O1b2a1a2a1
982,HGDP00764,,O2a1b1a1a1a1k
983,HGDP00751,,O2a1b1a2a1a1a1d1a
984,HGDP00759,,O2a2a1a1b2b2b4
985,HGDP00753,,O2a2b1a2a1a1a2a1a1
986,LP6005441-DNA_C06,,O2a2b1a1a1a4a
987,LP6005442-DNA_F04,,J1a2a1a2d2b2b2c4d2a2a4a
988,LP6005442-DNA_E04,,T1a1a1b2b2b1a
989,LP6007076-DNA_A01,,Q1a2a2a
990,LP6007071-DNA_A01,,Q1b2a1a1
991,HGDP01406,,A1b1b2b2
992,HGDP01416,,E1b1a1a1a1c1a1a3a1c1
993,HGDP01408,,E1b1a1a1a1c1a1a3a1c1
994,HGDP01418,,E1b1a1a1a1c1a1a3a1d
995,HGDP01412,,E1b1a1a1a1c1a1a3a1d
996,HGDP01415,,E1b1a1a1a2a1a3b1a2a2a
997,HGDP01419,,E1b1a1a1a2a1a3b1a2a2a
998,HGDP01411,,E1b1b1b2b2a1
999,HGDP01413,,E1b1b1b2b2a1
1000,HGDP01405,,E2a1
1001,LP6005442-DNA_E11,,E1b1a1a1a1c1a1a3a1c1b
1002,LP6005443-DNA_F06,,E1b1b1b2b2a1
1003,LP6005443-DNA_E06,,E2a1
1004,LP6005592-DNA_E05,,O2a2b1a1a1a4a
1005,LP6005443-DNA_D06,,O2a2b1a2a1a1a1a1a
1006,LP6005519-DNA_A12,,E1b1a1a1a1c1a1a3c2b
1007,HG03228,,C1b1a1a2b
1008,HG03487,,G1a1a2
1009,HG03489,,G1a1a2
1010,HG03708,,G2a1a2a1a
1011,HG03710,,G2a1a2a1a
1012,HG02681,,G2a2a1a2a1a1b1a
1013,HG02687,,G2a2b2a4a2
1014,HG02689,,G2a2b2a4a2
1015,HG02789,,G2b1a
1016,HG02791,,G2b1a
1017,HG02786,,H1a1a4a2
1018,HG03633,,H1a1a4b1b
1019,HG01583,,H1a1a4b6
1020,HG03618,,H1a1b1a
1021,HG02684,,H3b2a
1022,HG02686,,H3b2a
1023,HG03767,,J1a3
1024,HG02774,,J2a1
1025,HG03018,,J2a1a1a2a1a1a
1026,HG02724,,J2a1a1a2a1a1a
1027,HG02492,,J2a1a1a2a2b2d1a
1028,HG02490,,J2a1a1a2a2b2d1a
1029,HG03660,,J2a1a1b1
1030,HG03021,,J2a1a1b1
1031,HG02493,,J2a1a1b1a1a
1032,HG02735,,J2a1a1b1a1a
1033,HG02733,,J2a1a1b1a1a
1034,HG03237,,J2a1a1b2a1a2
1035,HG02651,,J2a1a2b2a2a2
1036,HG01589,,J2a2
1037,HG02690,,J2b2a2b2b1a
1038,HG02794,,L1a1a2b
1039,HG02792,,L1a1a2b
1040,HG02654,,L1a1b3c1
1041,HG02656,,L1a1b3c1
1042,HG02696,,Q1a2a2a1
1043,HG02698,,Q1a2a2a1
1044,HG03652,,Q2b1a1
1045,HG03654,,Q2b1a1
1046,HG03705,,R1a1a1b2
1047,HG03707,,R1a1a1b2
1048,HG02780,,R1a1a1b2a1a1a1b
1049,HG02597,,R1a1a1b2a1a1a1f1b
1050,HG03490,,R1a1a1b2a1a2c1
1051,HG02736,,R1a1a1b2a1a2c1
1052,HG02738,,R1a1a1b2a1a2c1
1053,HG03492,,R1a1a1b2a1a2c1
1054,HG02729,,R1a1a1b2a1a2c1d
1055,HG02727,,R1a1a1b2a1a2c1d
1056,HG03624,,R1a1a1b2a1a2c1d1
1057,HG02602,,R1a1a1b2a1a2c1d2
1058,HG02600,,R1a1a1b2a1a2c1d2
1059,HG02650,,R1a1a1b2a1a2c1d2
1060,HG02648,,R1a1a1b2a1a2c1d2
1061,HG03663,,R1a1a1b2a1a2c2b2
1062,HG03234,,R1a1a1b2a1a2c2d
1063,HG03667,,R1a1a1b2a1a2c2d
1064,HG03651,,R1a1a1b2a1a2c2d5a
1065,HG03649,,R1a1a1b2a1a2c2d5a
1066,HG03761,,R1a1a1b2a2a1c3
1067,HG03763,,R1a1a1b2a2a1c3
1068,HG03636,,R1a1a1b2a2a1c3a1
1069,HG03629,,R1a1a1b2a2a2
1070,HG02701,,R1a1a1b2a3b
1071,HG02699,,R1a1a1b2a3b
1072,HG02603,,R1a1a1b2a3b
1073,HG02657,,R2a2b1b1
1074,HG03701,,R2a2b1b2
1075,HG03699,,R2a2b1b2
1076,HG01586,,R2a2b1b2a1a
1077,HG02783,,R2a2b1b2b3
1078,HG02660,,R2a2b1b2b3b
1079,HG03702,,R2a2b1b2b3b
1080,HG03017,,R2a2b1b2b3b2a1a
1081,HG03641,,R2a2b1b2b3b2a1a
1082,HG03639,,R2a2b1b2b3b2a1a
1083,HG03015,,R2a2b1b2b3b2a1a
1084,HG01970,,E1b1b1a1a1c1a1b
1085,HG02150,,E1b1b1b1a1c1a
1086,HG02274,,I1a2a1a1a4a1
1087,HG02253,,J1a2a1a2d2b2b2a
1088,HG01571,,J1a2a1a2d2b2b2c2a1a
1089,HG01937,,J1a2a1a2d2b2b2c4c4a1a1b
1090,HG01935,,J1a2a1a2d2b2b2c4c4a1a1b
1091,HG01991,,J2a1a1a2b1b3a2
1092,HG01946,,Q1a1a2
1093,HG01944,,Q1a1a2
1094,HG01974,,Q1b1a1a1f2
1095,HG02104,,Q1b1a1a1g
1096,HG02291,,Q1b1a1a1h1a1
1097,HG01923,,Q1b1a1a1h1a2
1098,HG02146,,Q1b1a1a1h1b
1099,HG02304,,Q1b1a1a1h2
1100,HG02299,,Q1b1a1a1i1a1a1
1101,HG02285,,Q1b1a1a1i1a1a2
1102,HG02279,,Q1b1a1a1i1a1b
1103,HG02277,,Q1b1a1a1i1a1b
1104,HG01979,,Q1b1a1a1i1a2b
1105,HG02302,,Q1b1a1a1i1b
1106,HG02090,,Q1b1a1a1i3
1107,HG01977,,Q1b1a1a1j1a1
1108,HG01938,,Q1b1a1a1j1a2
1109,HG01952,,Q1b1a1a1j2
1110,HG01950,,Q1b1a1a1j2
1111,HG01967,,Q1b1a1a1k1a1
1112,HG02265,,Q1b1a1a1k1a2
1113,HG01928,,Q1b1a1a1k1b
1114,HG01926,,Q1b1a1a1k1b
1115,HG02271,,Q1b1a1a1l1
1116,HG01565,,Q1b1a1a1l2
1117,HG02261,,Q1b1a1a1q
1118,HG02259,,Q1b1a1a1q
1119,HG01961,,Q1b1a1a1s
1120,HG01892,,Q1b1a1a1t
1121,HG01920,,Q1b1a1a1u
1122,HG02002,,R1b1a1b1a1a2
1123,HG01917,,R1b1a1b1a1a2
1124,HG01934,,R1b1a1b1a1a2a1a1a1
1125,HG01932,,R1b1a1b1a1a2a1a1a1
1126,HG01579,,R1b1a1b1a1a2a6
1127,HG01577,,R1b1a1b1a1a2a6
1128,HG01943,,R1b1a1b1a1a2b
1129,HG01941,,R1b1a1b1a1a2b
1130,HG02262,,R1b1a1b1a1a2b1a
1131,HG01953,,R1b1a1b1a1a2c
1132,HG01998,,R1b1a1b1a1a2f
1133,HG02008,,R1b1a1b1a1a2f
1134,HG01947,,R1b1b2a2b1
1135,NA19727,,E1b1a1a1a1c2c1a1
1136,NA19726,,E1b1a1a1a1c2c1a1
1137,NA19780,,E1b1b1a1b2a3a
1138,NA19759,,E1b1b1b1a1
1139,NA19792,,E1b1b1b1a1b1
1140,NA19676,,E1b1b1b1a1b2
1141,NA19747,,G2a2b2a1a1a1a1a2a1b
1142,NA19670,,G2a2b2a1a1b1a1a2a1b1a1b
1143,NA19724,,I1a1b1a2a1
1144,NA19723,,I1a1b1a2a1
1145,NA19682,,Q1b1a1a1e1a1a
1146,NA19787,,Q1b1a1a1e1a1b
1147,NA19786,,Q1b1a1a1e1a1b
1148,NA19732,,Q1b1a1a1e1a2
1149,NA19784,,Q1b1a1a1e1b1a
1150,NA19783,,Q1b1a1a1e1b1a
1151,NA19735,,Q1b1a1a1e1c1
1152,NA19729,,Q1b1a1a1m1
1153,NA19774,,Q1b1a1a1m2a
1154,NA19664,,Q1b1a1a1n1
1155,NA19772,,Q1b1a2a1b
1156,NA19771,,Q1b1a2a1b
1157,NA19796,,Q1b1a2a1b1
1158,NA19795,,Q1b1a2a1b1
1159,NA19751,,R1b1a1b1a1a2a1a1a1
1160,NA19750,,R1b1a1b1a1a2a1a1a1
1161,NA19741,,R1b1a1b1a1a2a1b1a1
1162,NA19778,,R1b1a1b1a1a2a1b1a1a
1163,NA19777,,R1b1a1b1a1a2a1b1a1a
1164,NA19757,,R1b1a1b1a1a2a1b3
1165,NA19756,,R1b1a1b1a1a2a1b3
1166,NA19762,,R1b1a1b1a1a2a6
1167,NA19661,,R1b1a1b1a1a2b
1168,NA19685,,R1b1a1b1a1a2b
1169,NA19720,,R1b1a1b1a1a2b
1170,NA19679,,R1b1a1b1a1a2b
1171,NA19650,,R1b1a1b1a1a2b1a1
1172,NA19649,,R1b1a1b1a1a2b1a1
1173,NA19652,,R1b1a1b1a1a2b4
1174,NA19789,,R1b1a1b1a1a2c
1175,NA19658,,R1b1a1b1a1a2c
1176,NA19717,,R1b1a1b1a1a2c
1177,NA19655,,T1a1a1b2b2b1a1a2
1178,HGDP00856,,Q1b1a1a1e
1179,HGDP00877,,Q1b1a2
1180,HGDP01050,,G2a2b2a1a1b1a1b
1181,HGDP01055,,Q1b1a1a1e1a
1182,HGDP01059,,Q1b1a2a3a1
1183,HGDP01060,,Q1b1a2a3a1a
1184,HGDP01057,,Q1b1a2a3a1a
1185,HGDP01037,,Q1b1a2a3a1a
1186,HGDP01043,,Q1b1a2a3a1a
1187,LP6005443-DNA_G11,,Q1b1a1a1
1188,LP6005441-DNA_E10,,Q1b1a1a1e1a
1189,LP6005443-DNA_A12,,Q1b1a1a1m2b
1190,LP6005441-DNA_E08,,O2a2b1a2a1a1b1b2b1
1191,HGDP01269,,E1b1a1a1a2a1a3b
1192,HGDP01260,,E1b1a1a1a2a1a3b
1193,HGDP01255,,E1b1b1b1a1
1194,HGDP01259,,E1b1b1b1a1b
1195,HGDP01262,,E1b1b1b1a1b
1196,HGDP01258,,E1b1b1b1a1b
1197,HGDP01264,,E1b1b1b1a1b
1198,HGDP01282,,E1b1b1b1a1b
1199,HGDP01272,,E1b1b1b1a1b
1200,HGDP01279,,E1b1b1b1a1b
1201,HGDP01265,,E1b1b1b1a1b
1202,HGDP01263,,E1b1b1b1a1b
1203,HGDP01266,,E1b1b1b1a1b
1204,HGDP01256,,E1b1b1b1a1b
1205,HGDP01257,,E1b1b1b1a1b
1206,HGDP01268,,E1b1b1b1a1f3b
1207,HGDP01271,,R1b1b2a2a1
1208,HGDP01261,,R1b1b2a2a2
1209,HGDP01029,,A1b1a1a2b
1210,HGDP00992,,B2b1a2b2
1211,LP6005441-DNA_B11,,A1b1a1a2b
1212,LP6005441-DNA_A11,,B2b1b
1213,LP6005443-DNA_G08,,B2b1b
1214,HGDP00621,,B2a1a1a1a
1215,HGDP00640,,E1b1b1a1b2a4b
1216,HGDP00620,,E1b1b1b1a1a
1217,HGDP00642,,E1b1b1b2a1a
1218,HGDP00628,,E1b1b1b2a1a
1219,HGDP00626,,G2a2b1a1a1a2
1220,HGDP00608,,J1a2a1a2d2b2b2c4b1c1c1a1
1221,HGDP00609,,J1a2a1a2d2b2b2c4b1c1c1a1
1222,HGDP00618,,J1a2a1a2d2b2b2c4b1c1c1a1
1223,HGDP00641,,J1a2a1a2d2b2b2c4b1c1c1a1a
1224,HGDP00624,,J1a2a1a2d2b2b2c4b1c1c1a1a
1225,HGDP00623,,J1a2a1a2d2b2b2c4b1c1c1a1a
1226,HGDP00631,,J1a2a1a2d2b2b2c4b1c1c1a1a
1227,HGDP00627,,J1a2a1a2d2b2b2c4b1c1c1a1a
1228,HGDP00630,,J1a2a1a2d2b2b2c4b1c1c1a1a
1229,HGDP00639,,J1a2a1a2d2b2b2c4b1c1c1a1a
1230,HGDP00610,,J1a2a1a2d2b2b2c4b1c1c1a1a
1231,HGDP00648,,J1a2a1a2d2b2b2c4b1c1c1a1a
1232,HGDP00611,,J1a2a1a2d2b2b2c4b1c1c1a2
1233,HGDP00654,,J1a2a1a2d2b2b2c4d2a2a2
1234,HGDP00644,,J1a2a1a2d2b2b2c4d2a2a4a
1235,HGDP00619,,J1a2a1a2d2b2b2c4d2a2a4a
1236,HGDP00645,,J1a2b1b2
1237,HGDP00622,,R1a1a1b1a4b
1238,HGDP00625,,R1a1a1b1a4b
1239,LP6005443-DNA_D09,,H1a2a
1240,LP6005443-DNA_C09,,H1a2a
1241,HGDP00542,,M1a2a2b
1242,HG03296,,E1b1a1a1a1c1a1a3
1243,HG03295,,E1b1a1a1a1c1a1a3
1244,HG02972,,E1b1a1a1a1c1a1a3a1
1245,HG02971,,E1b1a1a1a1c1a1a3a1
1246,HG02977,,E1b1a1a1a1c1a1a3a1b1
1247,HG03139,,E1b1a1a1a1c1a1a3a1b1
1248,HG03368,,E1b1a1a1a1c1a1a3a1b2a1
1249,HG03367,,E1b1a1a1a1c1a1a3a1b2a1a
1250,HG03109,,E1b1a1a1a1c1a1a3a1b2a1b
1251,HG03175,,E1b1a1a1a1c1a1a3a1b2a2
1252,HG03161,,E1b1a1a1a1c1a1a3a1d2
1253,HG03160,,E1b1a1a1a1c1a1a3a1d2
1254,HG02948,,E1b1a1a1a1c1a1a3a1f
1255,HG02947,,E1b1a1a1a1c1a1a3a1f
1256,HG03103,,E1b1a1a1a1c1a1a3a2
1257,HG03191,,E1b1a1a1a1c1a1a3c1a1
1258,HG03190,,E1b1a1a1a1c1a1a3c1a1
1259,HG03197,,E1b1a1a1a1c1a1a3c1b1a2
1260,HG03196,,E1b1a1a1a1c1a1a3c1b1a2
1261,HG03371,,E1b1a1a1a1c1a1a3c1b1b
1262,HG03370,,E1b1a1a1a1c1a1a3c1b1b
1263,HG02944,,E1b1a1a1a1c1a1a3c1b2a
1264,HG03199,,E1b1a1a1a1c1a1a3c2a2
1265,HG02965,,E1b1a1a1a1c1a1a3c2b
1266,HG03128,,E1b1a1a1a1c1a1a3c2b1a1
1267,HG03269,,E1b1a1a1a1c1a1a3c2b1a1a
1268,HG03268,,E1b1a1a1a1c1a1a3c2b1a1a
1269,HG03271,,E1b1a1a1a1c1a1a3c2b1a1a1
1270,HG03127,,E1b1a1a1a1c1a1a3c2b1a1b
1271,HG02980,,E1b1a1a1a1c1a1a3c2b1a1c
1272,HG02981,,E1b1a1a1a1c1a1a3c2b1a1c
1273,HG03350,,E1b1a1a1a1c1a1a3c2b1a2
1274,HG03352,,E1b1a1a1a1c1a1a3c2b1a2
1275,HG03515,,E1b1a1a1a1c1a1a3c2b1b
1276,HG03308,,E1b1a1a1a1c1a1a3d
1277,HG03307,,E1b1a1a1a1c1a1a3d
1278,HG03280,,E1b1a1a1a1c1a1a3d5a
1279,HG03172,,E1b1a1a1a1c1a1a3d5b
1280,HG03519,,E1b1a1a1a1c1a1a3d7
1281,HG03518,,E1b1a1a1a1c1a1a3d7
1282,HG03193,,E1b1a1a1a1c1a1b1b
1283,HG03302,,E1b1a1a1a1c1a1b3
1284,HG03301,,E1b1a1a1a1c1a1b3
1285,HG02954,,E1b1a1a1a2a1a3a1a1
1286,HG02953,,E1b1a1a1a2a1a3a1a1
1287,HG03299,,E1b1a1a1a2a1a3a1a1a
1288,HG03298,,E1b1a1a1a2a1a3a1a1a
1289,HG03311,,E1b1a1a1a2a1a3a1a1a
1290,HG03166,,E1b1a1a1a2a1a3a1a2
1291,HG03131,,E1b1a1a1a2a1a3a2a
1292,HG03314,,E1b1a1a1a2a1a3a2a
1293,HG02924,,E1b1a1a1a2a1a3a2a
1294,HG03122,,E1b1a1a1a2a1a3a2a
1295,HG03115,,E1b1a1a1a2a1a3a2a
1296,HG02923,,E1b1a1a1a2a1a3a2a
1297,HG03120,,E1b1a1a1a2a1a3a2a
1298,HG03118,,E1b1a1a1a2a1a3a2a
1299,HG02941,,E1b1a1a1a2a1a3a2a
1300,HG03130,,E1b1a1a1a2a1a3a2a
1301,HG03313,,E1b1a1a1a2a1a3a2a
1302,HG03265,,E1b1a1a1a2a1a3a2a1a1
1303,HG03124,,E1b1a1a1a2a1a3a2a1a1b
1304,HG03170,,E1b1a1a1a2a1a3a2a1a2
1305,HG03521,,E1b1a1a1a2a1a3a2a1a2
1306,HG03169,,E1b1a1a1a2a1a3a2a1a2
1307,HG02975,,E1b1a1a1a2a1a3a2a1a4a
1308,HG02973,,E1b1a1a1a2a1a3a2a1a4a
1309,HG03202,,E1b1a1a1a2a1a3a2a1a4b
1310,HG03157,,E1b1a1a1a2a1a3a2a1a5
1311,HG03134,,E1b1a1a1a2a1a3a2a1a7
1312,HG03133,,E1b1a1a1a2a1a3a2a1a7
1313,HG03101,,E1b1a1a1a2a1a3a2a2
1314,HG03100,,E1b1a1a1a2a1a3a2a2
1315,HG03137,,E1b1a1a1a2a1a3a2a3
1316,HG03136,,E1b1a1a1a2a1a3a2a3
1317,HG03373,,E1b1a1a1a2a1a3b1a1
1318,HG03112,,E1b1a1a1a2a1a3b1a10b1
1319,HG03163,,E1b1a1a1a2a1a3b1a16
1320,HG03344,,E1b1a1a1a2a1a3b1d
1321,HG03343,,E1b1a1a1a2a1a3b1d1a1
1322,HG03304,,E1b1a1a1a2a1a3b1d1a2
1323,HG02968,,E1b1a1a1a2a1a3b1d1b
1324,HG02938,,E1b1a1a1a2a1a3b1d1b2
1325,HGDP00931,,B
1326,HGDP00940,,E1b1a1a1a1c1a1a3a
1327,HGDP00943,,E1b1a1a1a1c1a1a3a1
1328,HGDP00942,,E1b1a1a1a1c1a1a3a1d1a
1329,HGDP00929,,E1b1a1a1a1c1a1a3c1b3
1330,HGDP00944,,E1b1a1a1a1c1a1a3d4
1331,HGDP00941,,E1b1a1a1a1c1b2a
1332,HGDP00930,,E1b1a1a1a2a1a3b1a
1333,HGDP00937,,E1b1a1a1a2a1a3b1a4
1334,LP6005442-DNA_A10,,E1b1a1a1a2a1a3a2a2
1335,LP6005442-DNA_A02,,E1b1a1a1a1c1b2a
1336,HGDP00810,,I1a2a1a1d1a1b1a
1337,HGDP00808,,I2a2a1b1b1a
1338,HGDP00807,,R1a1a1b1a3a2b1b2
1339,HGDP00803,,R1b1a1b1a1a2c1a1f1a2
1340,HGDP00795,,R1b1a1b1a1a2c1a2a2a1c
1341,HGDP00804,,R1b1a1b1a1a2c1a2a2a1c
1342,LP6005441-DNA_C09,,R1b1a1b1a1a1b1a1a
1343,HGDP00098,,E1b1b1a1b2a4b
1344,HGDP00062,,H1a1a4b2
1345,HGDP00074,,J1
1346,HGDP00057,,J1a2a1a2d2b2b2c4c2a1a
1347,HGDP00094,,J2a1a1b1
1348,HGDP00056,,J2a1a1b1a1a
1349,HGDP00082,,L1a1
1350,HGDP00054,,L1a1b3a1
1351,HGDP00078,,L1a1b3a1
1352,HGDP00068,,L1a1b3a1
1353,HGDP00076,,R1a1a1b2a1a1a1
1354,HGDP00096,,R1a1a1b2a1a1a1
1355,HGDP00092,,R1a1a1b2a1a1a1f1b
1356,HGDP00066,,R1a1a1b2a2a2a
1357,HGDP00080,,R1a1a1b2a2a2a
1358,HGDP00088,,R1a1a1b2a2a2a
1359,HGDP00064,,R1a1a1b2a2a2a
1360,HGDP00052,,R1b1a1b1b
1361,HGDP00060,,R1b1a1b1b
1362,HGDP00070,,R2a2b1b2b2a2
1363,HGDP00086,,R2a2b1b2b3
1364,HGDP00072,,R2a2b1b2c
1365,HGDP00029,,C1b1a1a2a
1366,HGDP00049,,G1a1
1367,HGDP00017,,G2a2a1b1
1368,HGDP00037,,G2a2a1b1
1369,HGDP00039,,G2a2b2a1a1c3a1
1370,HGDP00041,,H1a1b1a
1371,HGDP00045,,J1a2a1a2d2b2b2c4b2a1
1372,HGDP00015,,J1a2a1a2d2b2b2c4b2a1
1373,HGDP00043,,J1a2a1a2d2b2b2c4b2a1
1374,HGDP00025,,J2a1a1a2b2a1a1a
1375,HGDP00007,,J2a1a1a2b2a1a1a
1376,HGDP00021,,J2a1a1b2a1a2
1377,HGDP00009,,J2a1a2b2a2a
1378,HGDP00013,,L1a1
1379,HGDP00003,,L1a2a1b2
1380,HGDP00033,,R1a1a1b2a1a1a1f
1381,HGDP00001,,R1a1a1b2a1a1a1f
1382,HGDP00011,,R1a1a1b2a1a1a1f
1383,HGDP00031,,R1a1a1b2a1a1a1f
1384,HGDP00035,,R1a1a1b2a1a1a1f
1385,HGDP00023,,R2a2b1b2b3
1386,HGDP00047,,R2a2b1b2b3
1387,HGDP00005,,R2a2b1b2b3
1388,HGDP00423,,C2b1a2a1a1
1389,HGDP00351,,G2b1a
1390,HGDP00359,,H1a1a1a
1391,HGDP00438,,H1a1a4b
1392,HGDP00392,,J2b2a2b
1393,HGDP00382,,L1a2a
1394,HGDP00445,,L1a2a1
1395,HGDP00417,,L1a2a1
1396,HGDP00412,,O2a2b1a2a1a1a2a
1397,HGDP00341,,R1a1a1b2a3
1398,HGDP00346,,R1a1a1b2a3
1399,HGDP00376,,R2a2b1b2b2a1a
1400,HGDP00397,,R2a2b1b2c1
1401,HGDP00433,,R2a2b1b2c1
1402,HGDP00364,,R2b1
1403,HGDP00388,,R2b1
1404,HGDP00407,,R2b1
1405,HGDP00402,,R2b1
1406,HGDP00372,,R2b1
1407,HGDP00119,,C2a1a3a1a2
1408,HGDP00104,,C2a1a3a1a2
1409,HGDP00118,,C2a1a3a1a2
1410,HGDP00103,,C2a1a3a1a2
1411,HGDP00115,,C2a1a3a6a
1412,HGDP00127,,I2a1b1a1b1b
1413,HGDP00099,,J2a1a1b2a1a1a
1414,HGDP00120,,O2a1b1a1a1a1ia
1415,HGDP00129,,Q2a1a2
1416,HGDP00100,,Q2b2b
1417,HGDP00110,,R1b1a1a1b
1418,HGDP00121,,R1b1a1a1b
1419,HGDP00106,,R1b1a1a1b
1420,HGDP00122,,R1b1a1a1b
1421,HGDP00109,,R1b1a1a1b
1422,HGDP00108,,R1b1a1a1b
1423,HGDP00105,,R1b1a1a1b
1424,HGDP00102,,R1b1a1a1b
1425,HGDP00288,,G2a2b2a4a
1426,HGDP00285,,G2a2b2a4a
1427,HGDP00290,,G2a2b2a4a
1428,HGDP00321,,H1a1a4b1
1429,HGDP00319,,H1a1a4b1
1430,HGDP00326,,H1a1a4b1
1431,HGDP00309,,J2a1a1b1
1432,HGDP00333,,J2b2a2b
1433,HGDP00281,,L1a2a
1434,HGDP00277,,L1a2a
1435,HGDP00279,,L1a2a
1436,HGDP00311,,L1a2a
1437,HGDP00307,,R1a1a1b2a2a1d2
1438,HGDP00315,,R1a1a1b2a2a1d2
1439,HGDP00302,,R1a1a1b2a2a1d2
1440,HGDP00313,,R1a1a1b2a2a1d2
1441,HGDP00330,,R2b
1442,HGDP00145,,E1b1a1a1a2a1a3b1d
1443,HGDP00133,,J2a1a1b1
1444,HGDP00140,,J2a1a1b1
1445,HGDP00161,,J2a1a1b2a1a1
1446,HGDP00137,,J2a1a2b2a2a2
1447,HGDP00149,,L1a1b
1448,HGDP00139,,L1a1b3a1
1449,HGDP00131,,L1b2a
1450,HGDP00134,,L1b2c
1451,HGDP00144,,Q1b2b
1452,HGDP00148,,R1a1a1b2
1453,HGDP00150,,R1a1a1b2a1a1a1
1454,HGDP00135,,R1a1a1b2a1a1a1f
1455,HGDP00158,,R1a1a1b2a2a2a
1456,HGDP00130,,R1a1a1b2a2a2a
1457,HGDP00136,,R1a1a1b2g
1458,HGDP00143,,R1b1a1b1b
1459,HGDP00146,,R2a2b1a
1460,HGDP00141,,R2a2b1b2b2
1461,HGDP00222,,G2a2b1a2a1
1462,HGDP00213,,G2b1a
1463,HGDP00224,,H1a1a4b
1464,HGDP00254,,H1a2b
1465,HGDP00248,,L1a1b3c
1466,HGDP00258,,L1a2a
1467,HGDP00251,,Q1b2a1a1
1468,HGDP00226,,Q1b2b
1469,HGDP00243,,R1a1a1b2a1a1a1c
1470,HGDP00264,,R1a1a1b2a2a2a1
1471,HGDP00259,,R1a1a1b2a2a2a1
1472,HGDP00262,,R1a1a1b2a2a2a1
1473,HGDP00230,,R1a1a1b2a2a2a1
1474,HGDP00241,,R1a1a1b2a2a2a1
1475,HGDP00228,,R1a1a1b2a2a2a1
1476,HGDP00214,,R1b1a1b1b3a
1477,HGDP00234,,R1b1a1b1b3a1
1478,HGDP00218,,R2b1
1479,HGDP00197,,J1a2b1
1480,HGDP00201,,J2a1a1b1
1481,HGDP00169,,J2a1a1b1
1482,HGDP00173,,J2a1a1b1a1a
1483,HGDP00181,,J2a1a2b2a2a2
1484,HGDP00183,,J2b2a2a1
1485,HGDP00175,,J2b2a2b2b1b1
1486,HGDP00177,,L1a2a
1487,HGDP00165,,Q2a1c1a
1488,HGDP00199,,R1a1a1b2a1a1a1
1489,HGDP00205,,R1a1a1b2a1a2c
1490,HGDP00171,,R1a1a1b2a1a2c1d
1491,HGDP00163,,R1a1a1b2a1a2c2d
1492,HGDP00179,,R1a1a1b2a1a2c2d
1493,HGDP00189,,R1a1a1b2a1a2c2d
1494,HGDP00167,,R1a1a1b2a2a1d8a2
1495,HGDP00187,,R1a1a1b2a2a2a
1496,HGDP00185,,R1a1a1b2a2a2a1
1497,HGDP00191,,R2a2b1b2a1a
1498,LP6005441-DNA_D01,,E1b1b1a1b2a4b
1499,LP6005441-DNA_C01,,L1a2a1b2
1500,LP6005441-DNA_C03,,O2a1b1a1a1a1e1a1a1b
1501,LP6005441-DNA_D03,,R1a1a1b2a1a1a1f1b1
1502,LP6005441-DNA_E03,,H1a1a4b
1503,LP6005441-DNA_E05,,C2b1a1a1b
1504,LP6005441-DNA_F05,,O2a1b1a1a1a1ia
1505,LP6005441-DNA_E06,,H1a1a4b1
1506,LP6005441-DNA_C07,,J2a1a1b2a1a1
1507,LP6005441-DNA_C10,,R1a1a1b2a1a2c1d2
1508,LP6005442-DNA_A12,,R2a2b1b2b3
1509,LP6005441-DNA_G11,,R1a1a1b2a1a2c
1510,LP6007072-DNA_A01,,H1a1a4b3b1a
1511,HGDP00546,,C1b3a1c
1512,HGDP00547,,C1b3a1c
1513,HGDP00545,,C1b3a1c
1514,HGDP00541,,M1a2a2c
1515,HGDP00553,,M1a3a
1516,HGDP00549,,M1a3b1a
1517,HGDP00543,,S1a1b1d2b1
1518,HGDP00556,,S1a1b1d2b1
1519,HGDP00540,,S1a1b1d2b1
1520,HGDP00551,,S1d
1521,HGDP00555,,S1d
1522,HG00553,,B2a1a1a1a2a
1523,HG01096,,E1a2a1a2b
1524,HG01094,,E1a2a1a2b
1525,HG01189,,E1b1a1a1a1a2b
1526,HG01187,,E1b1a1a1a1a2b
1527,HG01305,,E1b1a1a1a1c1a1a3d6
1528,HG01302,,E1b1a1a1a1c1b2a1a2
1529,HG01206,,E1b1a1a1a2a1a3b1d1c1a3
1530,HG01204,,E1b1a1a1a2a1a3b1d1c1a3
1531,HG01308,,E1b1b1a1b1a10a1a1a
1532,HG01109,,E1b1b1a1b1a11a
1533,HG01107,,E1b1b1a1b1a11a
1534,HG01056,,E1b1b1a1b1a26
1535,HG01054,,E1b1b1a1b1a26
1536,HG01074,,E1b1b1a1b1a6a1a1
1537,HG01072,,E1b1b1a1b1a6a1a1
1538,HG01200,,E1b1b1a1b2a4a
1539,HG01161,,E1b1b1b1a1c3
1540,HG01088,,E1b1b1b1a1c3b
1541,HG01106,,E1b1b1b1a1h1
1542,HG01104,,E1b1b1b1a1h1
1543,HG01325,,E1b1b1b2a1a1a1a1f1b1a1
1544,HG01110,,E1b1b1b2a1a1a1a1f1b1a1b
1545,HG01311,,G2a2a1a2a1b1a2a
1546,HG01099,,G2a2b2a1a1b1a1b4
1547,HG01097,,G2a2b2a1a1b1a1b4
1548,HG01199,,I2a1a1a1a1a1a2a1a
1549,HG01101,,I2a1a1a1a1a1a2a1a
1550,HG01197,,I2a1a1a1a1a1a2a1a
1551,HG01167,,I2a1a1a1a2c1
1552,HG01069,,J1a2a1a2d2b2b2c4c4a1a1
1553,HG01402,,J2a1a1a2b2a3b1a1b1a1
1554,HG01164,,J2a1a1b2
1555,HG01412,,J2a1a1b2a1b1b2
1556,HG01243,,R1b1a1b1a1a2
1557,HG01413,,R1b1a1b1a1a2
1558,HG01395,,R1b1a1b1a1a2
1559,HG01063,,R1b1a1b1a1a2
1560,HG01398,,R1b1a1b1a1a2
1561,HG01182,,R1b1a1b1a1a2
1562,HG00739,,R1b1a1b1a1a2
1563,HG01241,,R1b1a1b1a1a2
1564,HG01085,,R1b1a1b1a1a2
1565,HG01247,,R1b1a1b1a1a2
1566,HG01082,,R1b1a1b1a1a2
1567,HG01286,,R1b1a1b1a1a2a1a1a1
1568,HG01047,,R1b1a1b1a1a2a1a1a1
1569,HG01173,,R1b1a1b1a1a2a1a1a1
1570,HG00637,,R1b1a1b1a1a2a1a1a1
1571,HG01392,,R1b1a1b1a1a2a1a2
1572,HG00552,,R1b1a1b1a1a2a1b3
1573,HG01075,,R1b1a1b1a1a2a1b3
1574,HG01172,,R1b1a1b1a1a2a5
1575,HG01178,,R1b1a1b1a1a2a5
1576,HG00742,,R1b1a1b1a1a2a5
1577,HG01176,,R1b1a1b1a1a2a5
1578,HG01048,,R1b1a1b1a1a2a5
1579,HG01170,,R1b1a1b1a1a2a5
1580,HG00731,,R1b1a1b1a1a2a5
1581,HG00738,,R1b1a1b1a1a2b1c2b1a2
1582,HG00736,,R1b1a1b1a1a2b1c2b1a2
1583,HG01060,,R1b1a1b1a1a2b2a
1584,HG01079,,R1b1a1b1a1a2c
1585,HG01405,,R1b1a1b1a1a2c1a4b2d1a
1586,HG01066,,R1b1a1b1a2a1
1587,HG00642,,R1b1a2a1a
1588,HG00640,,R1b1a2a1a
1589,HG01192,,T1a1a1b2b2b1a1a2
1590,HG01190,,T1a1a1b2b2b1a1a2
1591,HG01051,,T1a2b1a1
1592,HGDP00893,,G2a1a1a1a1a1a2
1593,HGDP00895,,I1a1b1a2a
1594,HGDP00890,,I1a1b1f
1595,HGDP00894,,I2a1b2a2b2b
1596,HGDP00891,,N1a1a1a1a1a2b
1597,HGDP00879,,N1a1a1a1a2a1b
1598,HGDP00883,,N1a1a1a2b
1599,HGDP00896,,Q1a2a1a4a
1600,HGDP00888,,R1a1a1b1a1a1a1a1d
1601,HGDP00880,,R1a1a1b1a1a1a2
1602,HGDP00882,,R1a1a1b1a1a1a2
1603,HGDP00892,,R1a1a1b1a1a1c1
1604,HGDP00900,,R1a1a1b1a2a1a1a1c
1605,HGDP00897,,R1a1a1b1a2a2a
1606,HGDP00886,,R1b1a1b1a1a2c1a4b2c1a1b1b1
1607,LP6005442-DNA_D02,,J2a1a1a2b2a3b1a1a2
1608,LP6005441-DNA_A01,,R1a1a1b1a1a1c1g1
1609,LP6005442-DNA_F02,,R1a1a1b2e1
1610,LP6005442-DNA_D03,,J1a2b1b2c1a1a
1611,LP6005443-DNA_C03,,R1a1a1b1a2b3a1a1b1a1a
1612,LP6005443-DNA_B03,,N1a1a1a1a3b1
1613,LP6005443-DNA_D03,,N1a1a1a1a3b2
1614,LP6005443-DNA_C04,,C2a1a2a1a1a
1615,LP6005442-DNA_G04,,R1b1a1b1b
1616,LP6005442-DNA_H04,,R1b1a1b1b3a
1617,LP6005443-DNA_F04,,N1a2b2b1
1618,LP6005443-DNA_E10,,J2a1
1619,LP6005443-DNA_F10,,J2a1a1a2b2a3a1
1620,LP6005441-DNA_G10,,I2a1a2b1a1a2
1621,LP6005443-DNA_D02,,N1a1a1a1a4a1a2
1622,LP6005443-DNA_F05,,C2a1a1a2b
1623,LP6005442-DNA_A07,,R1b1a1b1a1a1c2b2a1b6b
1624,HGDP01200,,E1a2a1b
1625,HGDP01283,,E1b1a1a1a
1626,HGDP00907,,E1b1a1a1a1c
1627,HGDP00913,,E1b1a1a1a1c
1628,HGDP00919,,E1b1a1a1a1c
1629,HGDP00904,,E1b1a1a1a1c2
1630,HGDP00906,,E1b1a1a1a1c2c1
1631,HGDP00905,,E1b1a1a1a1c2c3a2b1
1632,HGDP00908,,E1b1a1a1a1c2c3a2b1
1633,HGDP01285,,E1b1a1a1a1c2c3a2b1
1634,HGDP00912,,E1b1a1a1a2
1635,HGDP01202,,E1b1a1a1a2
1636,HGDP00911,,E1b1a1a1a2
1637,LP6005441-DNA_E07,,E1b1a1a1a2a1a2a
1638,HGDP00958,,C2b1a1a1a1
1639,HGDP00962,,C2b1a1a1a1
1640,HGDP00949,,N1a1a1a1a4a1
1641,HGDP00947,,N1a1a1a1a4a1
1642,HGDP00950,,N1a1a1a1a4a1
1643,HGDP00946,,N1a1a1a1a4a1
1644,HGDP00964,,N1a1a1a1a4a1a
1645,HGDP00953,,N1a1a1a1a4a1a
1646,HGDP00965,,N1a1a1a1a4a1a
1647,HGDP00961,,N1a1a1a1a4a1a
1648,HGDP00969,,N1a1a1a1a4a1a
1649,HGDP00954,,N1a1a1a1a4a1a
1650,HGDP00968,,N1a1a1a1a4a1a
1651,HGDP00952,,N1a1a1a1a4a1a
1652,HGDP00960,,N1a1a1a1a4a1a
1653,HGDP00948,,N1a1a1a1a4a1a
1654,HGDP00945,,N1a1a1a1a4a1a
1655,HG03225,,B3a2
1656,HG03376,,B3a2
1657,HG03098,,E1a2a1c
1658,HG03096,,E1a2a1c
1659,HG03439,,E1a2b1a1a2
1660,HG03472,,E1b1a1a1a1c1a1a3b1
1661,HG03224,,E1b1a1a1a1c1a1a3f
1662,HG03074,,E1b1a1a1a1c1a1a3g
1663,HG03060,,E1b1a1a1a1c1a1a4a
1664,HG03565,,E1b1a1a1a1c1a2
1665,HG03574,,E1b1a1a1a1c1b1
1666,HG03582,,E1b1a1a1a1c1b1
1667,HG03556,,E1b1a1a1a1c1b1b
1668,HG03456,,E1b1a1a1a1c1b2a
1669,HG03454,,E1b1a1a1a1c1b2a
1670,HG03388,,E1b1a1a1a1c1b2a3a1
1671,HG03382,,E1b1a1a1a1c1b2a3a2
1672,HG03077,,E1b1a1a1a1c1b2a4
1673,HG03433,,E1b1a1a1a1c2a1b
1674,HG03445,,E1b1a1a1a1c2a2
1675,HG03547,,E1b1a1a1a1c2b1a
1676,HG03084,,E1b1a1a1a1c2b2a1
1677,HG03559,,E1b1a1a1a1c2c3a1a1
1678,HG03432,,E1b1a1a1a1c2c3a1b1a
1679,HG03078,,E1b1a1a1a1c2c3a4
1680,HG03469,,E1b1a1a1a1c3
1681,HG03451,,E1b1a1a1a2a1a3b1a11a
1682,HG03072,,E1b1a1a1a2a1a3b1a11b
1683,HG03081,,E1b1a1a1a2a1a3b1a13
1684,HG03209,,E1b1a1a1a2a1a3b1a14
1685,HG03571,,E1b1a1a1a2a1a3b1a18
1686,HG03478,,E1b1a1a1a2a1a3b1a9a
1687,HG03484,,E1b1a1a1a2a1a3b1a9a1
1688,HG03394,,E1b1a1a1a2a2a2
1689,HG03056,,E1b1a1b1a1
1690,HG03054,,E1b1a1b1a1
1691,HG03442,,E1b1a1b1a1
1692,HG03066,,E1b1a1b1a1b
1693,HG03460,,E1b1a1b1a2
1694,HG03069,,E1b1a1b1a3
1695,HG03391,,E1b1a1b1b1
1696,HG03385,,E1b1a1b1b2
1697,HG03457,,E1b1a1b1c1
1698,HG03436,,E1b1a1b1c2
1699,HG03057,,E1b1a1b1d
1700,HG03065,,E1b1a1b1e
1701,HG03063,,E1b1a1b1e
1702,HG03397,,E1b1a1b2a
1703,HG03579,,G2a2b2a1a1c1a1a2a1a1d
1704,HG03577,,G2a2b2a1a1c1a1a2a1a1d
1705,LP6005442-DNA_G11,,E1b1a1a1a1c2c3a4
1706,HGDP01033,,B2a1a1a1a2
1707,HGDP00993,,E1b1a1a1a2a1a3a2b
1708,HGDP00994,,E1b1b1b2b2a1
1709,HGDP01031,,E2b1a1
1710,NA20126,,E1b1a1a1a1a2a
1711,NA20281,,E1b1a1a1a1c1a1a3a1c2
1712,NA19919,,E1b1a1a1a1c1a1a3a1d1c
1713,NA19908,,E1b1a1a1a1c1a1a3a1d1c
1714,NA20291,,E1b1a1a1a1c1a1a3c1a2
1715,NA19904,,E1b1a1a1a1c1a1a3c1b3
1716,NA19920,,E1b1a1a1a1c1a1a3d6a
1717,NA19834,,E1b1a1a1a1c1a1a3d6a
1718,NA20298,,E1b1a1a1a1c1a1a3i
1719,NA19918,,E1b1a1a1a1c1b1a
1720,NA19916,,E1b1a1a1a1c1b1a
1721,NA20362,,E1b1a1a1a1c1b2a1a1
1722,NA19711,,E1b1a1a1a2a1a3a2b1
1723,NA19705,,E1b1a1a1a2a1a3b1a1b
1724,NA19703,,E1b1a1a1a2a1a3b1a1b
1725,NA20340,,E1b1a1a1a2a1a3b1a1c
1726,NA19702,,E1b1a1a1a2a1a3b1a5
1727,NA19700,,E1b1a1a1a2a1a3b1a5
1728,NA20346,,E1b1a1a1a2a2a2a
1729,NA19900,,E1b1a1a1a2b
1730,NA19828,,E1b1b1a1a1c2
1731,NA19818,,E1b1b1a1a1c2
1732,NA20348,,E2b2b
1733,NA19982,,I1a2a1a1a2a1a1
1734,NA20351,,I2a1b1a2b1a1a2
1735,NA19984,,I2a1b1a2b1a2a1a1a1a1a1c
1736,NA20358,,R1b1a1b1a1a1c2b
1737,NA20356,,R1b1a1b1a1a1c2b
1738,NA19922,,R1b1a1b1a1a1c2b2a1b1a1a
1739,NA20342,,R1b1a1b1a1a2a1b1a1a
1740,NA20318,,R1b1a1b1a1a2c1a1a1a1a1a1a1a
1741,NA20279,,R1b1a1b1a1a2c1a3a2a1a2c1c
1742,NA20278,,R1b1a1b1a1a2c1a3a2a1a2c1c
1743,HG01680,,E1b1b1b1a1c2
1744,HG01699,,E1b1b1b1b1b2
1745,HG01698,,E1b1b1b1b1b2
1746,HG02224,,G2a2b2a1
1747,HG01512,,G2a2b2a1a1c1a1a2
1748,HG01611,,I2a1a1a1
1749,HG01610,,I2a1a1a1
1750,HG01529,,I2a1b1a1b1a
1751,HG01527,,I2a1b1a1b1a
1752,HG01686,,J1a2a1a2d2b2b2c4
1753,HG01780,,J2a1a1a2b1b4a1
1754,HG01781,,J2a1a1a2b1b4a1
1755,HG02236,,J2a1a1a2b2a3b1b2a1a
1756,HG01672,,J2a1a1b2a1
1757,HG01671,,J2a1a1b2a1
1758,HG01756,,J2a1a1b2a1b1b2
1759,HG01619,,J2b1b1
1760,HG01621,,J2b1b1
1761,HG01509,,J2b2a1a1a1a1a1a1e
1762,HG01617,,R1a1a1b2a2b1a2a1
1763,HG01678,,R1b1a1b1a1a1a
1764,HG02233,,R1b1a1b1a1a1c
1765,HG02234,,R1b1a1b1a1a1c
1766,HG02238,,R1b1a1b1a1a1c
1767,HG01506,,R1b1a1b1a1a2
1768,HG01785,,R1b1a1b1a1a2
1769,HG01508,,R1b1a1b1a1a2
1770,HG01708,,R1b1a1b1a1a2
1771,HG01783,,R1b1a1b1a1a2
1772,HG01771,,R1b1a1b1a1a2
1773,HG01774,,R1b1a1b1a1a2
1774,HG01682,,R1b1a1b1a1a2
1775,HG01518,,R1b1a1b1a1a2
1776,HG01683,,R1b1a1b1a1a2
1777,HG01705,,R1b1a1b1a1a2
1778,HG01775,,R1b1a1b1a1a2
1779,HG01703,,R1b1a1b1a1a2
1780,HG01765,,R1b1a1b1a1a2a1a1
1781,HG01526,,R1b1a1b1a1a2a1a1
1782,HG01701,,R1b1a1b1a1a2a1a1
1783,HG01524,,R1b1a1b1a1a2a1a1
1784,HG01700,,R1b1a1b1a1a2a1a1
1785,HG01523,,R1b1a1b1a1a2a1a1a1
1786,HG01608,,R1b1a1b1a1a2a1a1a1
1787,HG01521,,R1b1a1b1a1a2a1a1a1
1788,HG01624,,R1b1a1b1a1a2a1a1a1
1789,HG01630,,R1b1a1b1a1a2a1a1a1
1790,HG01667,,R1b1a1b1a1a2a1a1a1
1791,HG01601,,R1b1a1b1a1a2a1a1a1
1792,HG01609,,R1b1a1b1a1a2a1a1a1
1793,HG01669,,R1b1a1b1a1a2a1a1a1
1794,HG01603,,R1b1a1b1a1a2a1a1a1
1795,HG02221,,R1b1a1b1a1a2a1a1a1
1796,HG01629,,R1b1a1b1a1a2a1a1a1
1797,HG01631,,R1b1a1b1a1a2a1a2
1798,HG01633,,R1b1a1b1a1a2a1a2
1799,HG01747,,R1b1a1b1a1a2a1b3
1800,HG01761,,R1b1a1b1a1a2a1b3
1801,HG01748,,R1b1a1b1a1a2a1b3
1802,HG01606,,R1b1a1b1a1a2a2a
1803,HG01615,,R1b1a1b1a1a2a4
1804,HG01709,,R1b1a1b1a1a2a5
1805,HG01696,,R1b1a1b1a1a2a5
1806,HG01694,,R1b1a1b1a1a2a5
1807,HG02231,,R1b1a1b1a1a2b
1808,HG02219,,R1b1a1b1a1a2b
1809,HG01767,,R1b1a1b1a1a2b
1810,HG01536,,R1b1a1b1a1a2b1c1a
1811,HG01627,,R1b1a1b1a1a2b1c1a
1812,HG01625,,R1b1a1b1a1a2b1c1a
1813,HG01778,,R1b1a1b1a1a2b1c1b3a
1814,HG01777,,R1b1a1b1a1a2b1c1b3a
1815,HG01502,,R1b1a1b1a1a2c1a4b2c1a
1816,HG01500,,R1b1a1b1a1a2c1a4b2c1a
1817,HG01503,,R1b1a1b1a1a2c1a4b2d1a
1818,HG01505,,R1b1a1b1a1a2c1a4b2d1a
1819,HG01675,,R1b1a1b1a1a2c1a4b2d1a
1820,HG01674,,R1b1a1b1a1a2c1a4b2d1a
1821,HG01515,,R1b1a1b1b3a1a1a
1822,HG01532,,T1a2b1a1
1823,HG01530,,T1a2b1a1
1824,LP6005442-DNA_A11,,R1b1a1b1a1a2c1a4b2d1a
1825,LP6005443-DNA_B09,,A1b1b2b2
1826,LP6005443-DNA_H08,,E2a
1827,LP6005443-DNA_A07,,O2a2b1a2a1a1b1b2b2
1828,LP6005677-DNA_D04,,E1b1a1a1a1c1a1a3a1a1
1829,NA18989,,C1a1a1a1a
1830,NA19006,,C1a1a1a1b
1831,NA18974,,C1a1a1b1
1832,NA18971,,C1a1a1b2
1833,NA19091,,C2b1a1a1a1d
1834,NA19079,,C2b1b1b
1835,NA18983,,D1a2a1b2
1836,NA18967,,D1a2a1b2a1a
1837,NA19068,,D1a2a1b2a1a1
1838,NA18988,,D1a2a1b2a1a1a1b
1839,NA19082,,D1a2a1b2a1a1a3
1840,NA18944,,D1a2a1b2a1a1g
1841,NA18948,,D1a2a1b2a1a1h1
1842,NA19058,,D1a2a1b2a1b
1843,NA19012,,D1a2a1b2a2
1844,NA19089,,D1a2a1c1a
1845,NA18966,,D1a2a1c1b
1846,NA18940,,D1a2a3a1a1a
1847,NA19056,,D1a2a3a1a2a
1848,NA18961,,D1a2a3a2a
1849,NA18970,,D1a2a3a2b
1850,NA18952,,D1a2a3a3a2
1851,NA18960,,D1a2a3b
1852,NA18995,,D1a2b1a2
1853,NA19063,,D1a2b1b2
1854,NA19004,,D1a2b2
1855,NA19009,,O1b1a1a1a1b1a
1856,NA19055,,O1b1a2b2
1857,NA18986,,O1b2a1a1
1858,NA18985,,O1b2a1a1
1859,NA19066,,O1b2a1a1
1860,NA18977,,O1b2a1a1
1861,NA19000,,O1b2a1a1
1862,NA18990,,O1b2a1a1
1863,NA19060,,O1b2a1a1
1864,NA18962,,O1b2a1a1
1865,NA18943,,O1b2a1a1
1866,NA19088,,O1b2a1a1a
1867,NA18953,,O1b2a1a1a
1868,NA19067,,O1b2a1a1a1
1869,NA18965,,O1b2a1a1a1
1870,NA19005,,O1b2a1a1a1
1871,NA18994,,O1b2a1a1c
1872,NA19075,,O1b2a1a2a
1873,NA19007,,O1b2a1a2a1a
1874,NA19070,,O1b2a1a3a
1875,NA18982,,O2a1b1a1a1a1f1a1b
1876,NA18984,,O2a1b1b2
1877,NA19072,,O2a2b1a1a1
1878,NA19062,,O2a2b1a1a1a1a1c1
1879,NA19085,,O2a2b1a1a1a2a1a1
1880,NA19086,,O2a2b1a1a1c1b1
1881,NA18945,,O2a2b1a1a1e1
1882,NA19076,,O2a2b1a2a1a1a1a1a1
1883,NA18959,,O2a2b1a2a1a1b1b2b2
1884,NA19083,,O2a2b1a2a2a1b
1885,LP6005441-DNA_G12,,J2a1a1a2b2a1a1a2a1a
1886,HG03850,,C1b1a1a1a1b
1887,HG03846,,H1a1a1b
1888,HG03738,,H1a1a4b2b1b
1889,HG03755,,H1a1a4b2b1b
1890,HG04006,,H1a1a4b2c1b
1891,HG03985,,H1a1a4b3b1a
1892,HG03644,,H1a1a4b3b1a10
1893,HG03950,,H1a1a4b3b1a4
1894,HG03745,,H1a1a4b3b1a8
1895,HG03646,,H1a1a4b3b1a9
1896,HG03991,,H1a2b1a1
1897,HG03848,,H3a2a1b
1898,HG04033,,H3a2a2
1899,HG03837,,H3a2b1
1900,HG03680,,H3a2b2
1901,HG03890,,H3b1a
1902,HG03697,,H3b1b
1903,HG04003,,J2a1a1b1a1a
1904,HG04107,,J2a1a1b1a1a
1905,HG03851,,J2a1a1b2a1a2a1
1906,HG03693,,J2a1a2b2a2a2
1907,HG03854,,J2a1a2b2a2a2
1908,HG04210,,J2b2a2a1
1909,HG03696,,J2b2a2b1a1c
1910,HG03885,,L1a1a1
1911,HG03688,,L1a1a1
1912,HG04100,,L1a1b1a
1913,HG04199,,L1a1b1a
1914,HG03746,,L1a1b2a2
1915,HG03686,,L1a1b2b
1916,HG03990,,L1a1b3a1a1
1917,HG03953,,L1a1b3a2b
1918,HG03900,,L1a2a1a1a1
1919,HG03753,,L1a2a1a1a2
1920,HG03672,,L1a2a1a1b
1921,HG03695,,L1a2a1b1
1922,HG03992,,Q1b2a1a1a
1923,HG03943,,Q1b2a1a1a
1924,HG03681,,Q1b2a2
1925,HG04122,,R1a1a1b2a1a1a
1926,HG04127,,R1a1a1b2a1a1a
1927,HG03685,,R1a1a1b2a1a1a1
1928,HG03711,,R1a1a1b2a1a1a1
1929,HG04039,,R1a1a1b2a1a1a1c
1930,HG03744,,R1a1a1b2a1a1a1f
1931,HG04229,,R1a1a1b2a1a1a1f1
1932,HG04228,,R1a1a1b2a1a1a1f1
1933,HG03899,,R1a1a1b2a1a2b
1934,HG04204,,R1a1a1b2a1a2c1d2a
1935,HG04215,,R1a1a1b2a1a2c1d2a
1936,HG03679,,R1a1a1b2a1a2c1d2a
1937,HG03694,,R1a1a1b2a1a2c2a
1938,HG04115,,R1a1a1b2a1a2c2d
1939,HG03896,,R1a1a1b2a1a2c2d
1940,HG03687,,R1a1a1b2a2a1b1
1941,HG03999,,R1a1a1b2a2a1d5
1942,HG03743,,R1a1a1b2a2a1d8a1
1943,HG03750,,R1a1a1b2a2a1d8a2
1944,HG03887,,R1a1a1b2a2a1d9
1945,HG03740,,R1a1a1b2a2a1d9b1
1946,HG03856,,R2a2b1b2b2b1b
1947,HG03844,,R2a2b1b2b2b2a1
1948,HG03682,,R2a2b1b2b3b
1949,HG03691,,R2a2b1b2b3b1
1950,HG03867,,C1b1a1a1a1a2
1951,HG03778,,H1a1a4b
1952,HG04002,,H1a1a4b1a
1953,HG04235,,H1a1a4b2b2
1954,HG03777,,H1a1a4b2c1a1b
1955,HG03716,,H1a1a4b2c3
1956,HG04211,,H1a1a4b2d
1957,HG04061,,H1a1a4b3b1a
1958,HG04206,,H1a1a4b3b1a6
1959,HG04060,,H1a1a4b7
1960,HG04222,,H1a2a2
1961,HG04198,,H1a2a3
1962,HG04238,,H3a1a
1963,HG03872,,H3a1b
1964,HG03870,,H3a1c
1965,HG03965,,H3a2a1a1a
1966,HG03792,,H3a2a2b
1967,HG03785,,J2b2a2b1a1c
1968,HG04239,,J2b2a2b1a1c
1969,HG03969,,J2b2a2b2b
1970,HG03786,,L1a1a2a
1971,HG04080,,L1a1b1b
1972,HG03788,,L1a1b2a1
1973,HG03971,,L1a1b3a1a1b
1974,HG03875,,L1a1b3a1a2b
1975,HG04093,,L1a1b3a2a
1976,HG03790,,L1a2
1977,HG04094,,L1a2a1a
1978,HG04015,,N1b2b
1979,HG03742,,NO
1980,HG03864,,Q2b2a1a
1981,HG03866,,R1a1a1b2a1a1a1a
1982,HG04017,,R1a1a1b2a1a1a1b
1983,HG03775,,R1a1a1b2a1a1a1e1
1984,HG03713,,R1a1a1b2a1a1a1e2
1985,HG03871,,R1a1a1b2a1a1a1f1b
1986,HG04098,,R1a1a1b2a1a2b
1987,HG03720,,R1a1a1b2a1a2c2a2a
1988,HG03779,,R1a1a1b2a1a2c2d
1989,HG04219,,R1a1a1b2a1a2c2d1
1990,HG04019,,R1a1a1b2a2a1
1991,HG03960,,R1a1a1b2a2a1
1992,HG04020,,R1a1a1b2a2a1b1
1993,HG04096,,R1a1a1b2a2a1b1a1
1994,HG04023,,R1a1a1b2a2a1b1a1
1995,HG03963,,R1a1a1b2a2a1d5
1996,HG04056,,R2a2b1b2b2a1a
1997,HG03978,,R2a2b1b2b2a2
1998,HG03771,,R2a2b1b2b2b2
1999,HG03869,,R2a2b1b2b2b2a
2000,HG03974,,R2a2b1b2b2b2a1
2001,HG03725,,R2a2b1b2b2b2a1
2002,HG03967,,R2a2b1b2b2b2a1a
2003,HG04225,,R2a2b1b2b2b2a1a1
2004,HG03729,,R2a2b1b2b2b2a1a1
2005,HG03718,,R2a2b1b2b3b
2006,HG03773,,R2a2b1b2b3b2a
2007,HG04022,,R2a2b1b2b3b2a
2008,HG03727,,R2a2b1b2c1
2009,HG03732,,R2a2b1b2c1
2010,NA11917,,E1b1b1a1b2a4b
2011,NA10842,,E1b1b1a1b2a4b
2012,NA12546,,G2a2b2a1a1b1a1a1a1a2a2
2013,NA07435,,G2a2b2a1a1b1a1a2b1b1b
2014,NA06995,,G2a2b2a1a1b1a1a2b1b1b
2015,NA12777,,G2a2b2a1a1c1a1a1a1b
2016,NA12286,,G2a2b2b2a
2017,NA11829,,I1a1b1a4a2b1
2018,NA10856,,I1a1b1a4a2b1
2019,NA07029,,I1a2a1a1d1a1b2a1
2020,NA06994,,I1a2a1a1d1a1b2a1a
2021,NA11881,,I1a2a2a2
2022,NA12750,,I1a2a2a3a2
2023,NA11919,,I1a2b1a
2024,NA12891,,I1a3a1e
2025,NA11893,,I1a3b2a2
2026,NA07051,,I1a3b3a
2027,NA10860,,I1b1a1
2028,NA11992,,I1b1a1
2029,NA07022,,I1c1a1a1a
2030,NA12146,,I2a1a1b1a1a
2031,NA12485,,I2a1b1a1a1a1a1b5
2032,NA12413,,I2a1b1a1a1a1a1b5
2033,NA11932,,I2a1b1a1b1a1a4
2034,NA10838,,I2a1b1a2b1a2a1a1a1a1a1b
2035,NA12003,,I2a1b1a2b1a2a1a1a1a1a1b
2036,NA12748,,I2a1b1a2b1a2a2a
2037,NA12739,,I2a1b1a2b1a2a2a
2038,NA12282,,J1a2a1a2d2b2b2c4
2039,NA11930,,J2b2a1a1a1a1a1a
2040,NA10845,,J2b2a1a1a1a1a1a
2041,NA12155,,R1a1a1a1b1a1a
2042,NA11843,,R1a1a1b1a3a1a3c1
2043,NA12864,,R1b1a1b1a1a1b1a1a
2044,NA12842,,R1b1a1b1a1a1b1a1a
2045,NA12872,,R1b1a1b1a1a1b1a1a
2046,NA12817,,R1b1a1b1a1a1b1b
2047,NA12827,,R1b1a1b1a1a1b1b
2048,NA06993,,R1b1a1b1a1a1c1a2b
2049,NA06986,,R1b1a1b1a1a1c2b1b3b
2050,NA07034,,R1b1a1b1a1a1c2b2a1b1a1a2a1
2051,NA07048,,R1b1a1b1a1a1c2b2a1b1a1a2a1
2052,NA12766,,R1b1a1b1a1a1c2b2a1b1a2
2053,NA12775,,R1b1a1b1a1a1c2b2a1b1a2
2054,NA12760,,R1b1a1b1a1a1c2b2a1b2
2055,NA12752,,R1b1a1b1a1a1c2b2a1b2
2056,NA12264,,R1b1a1b1a1a1c2b2b1a
2057,NA12272,,R1b1a1b1a1a1c2f
2058,NA10837,,R1b1a1b1a1a1c2f
2059,NA12812,,R1b1a1b1a1a2
2060,NA10835,,R1b1a1b1a1a2
2061,NA11891,,R1b1a1b1a1a2
2062,NA10865,,R1b1a1b1a1a2
2063,NA12274,,R1b1a1b1a1a2
2064,NA12347,,R1b1a1b1a1a2
2065,NA12801,,R1b1a1b1a1a2
2066,NA12814,,R1b1a1b1a1a2
2067,NA12344,,R1b1a1b1a1a2
2068,NA12248,,R1b1a1b1a1a2
2069,NA12874,,R1b1a1b1a1a2a1a1a
2070,NA12707,,R1b1a1b1a1a2a1b1a1
2071,NA12716,,R1b1a1b1a1a2a1b1a1
2072,NA12144,,R1b1a1b1a1a2b
2073,NA10846,,R1b1a1b1a1a2b
2074,NA12005,,R1b1a1b1a1a2b
2075,NA07357,,R1b1a1b1a1a2b
2076,NA11839,,R1b1a1b1a1a2b
2077,NA07347,,R1b1a1b1a1a2b1a2a1
2078,NA07349,,R1b1a1b1a1a2b1a2a1
2079,NA11994,,R1b1a1b1a1a2b1a2a1
2080,NA12829,,R1b1a1b1a1a2b1c1a1a1a2a
2081,NA12342,,R1b1a1b1a1a2b4
2082,NA11831,,R1b1a1b1a1a2c
2083,NA12340,,R1b1a1b1a1a2c
2084,NA12335,,R1b1a1b1a1a2c
2085,NA12762,,R1b1a1b1a1a2c
2086,NA12154,,R1b1a1b1a1a2c1a1a1a1
2087,NA10830,,R1b1a1b1a1a2c1a1a1a1
2088,NA12056,,R1b1a1b1a1a2c1a1d4
2089,NA10851,,R1b1a1b1a1a2c1a1d4
2090,NA12399,,R1b1a1b1a1a2c1a2b1a
2091,NA06984,,R1b1a1b1a1a2c1a4b2c1a1b1b1
2092,NA12045,,R1b1a1b1a1a2c1a4c1a
2093,NA10857,,R1b1a1b1a1a2c1a5a2a1a1
2094,NA12043,,R1b1a1b1a1a2c1a5a2a1a1
2095,NA12877,,R1b1a1b1a1a2e2
2096,NA12889,,R1b1a1b1a1a2e2
2097,LP6005442-DNA_C11,,O1b1a1a1a1a1a1a1
2098,NA19454,,B2a1a1a1a1
2099,NA19043,,B2a1a1a1a2
2100,NA19384,,B2b1
2101,NA19429,,E1b1a1a1a1a3a
2102,NA19031,,E1b1a1a1a1c1a1a3a1a1a2a
2103,NA19041,,E1b1a1a1a1c1a1a3a1a2
2104,NA19443,,E1b1a1a1a1c1a1a3a1c1a1a
2105,NA19372,,E1b1a1a1a1c1a1a3a1c1a1b
2106,NA19027,,E1b1a1a1a1c1a1a3a1c1a2
2107,NA19376,,E1b1a1a1a1c1a1a3a1c1b
2108,NA19347,,E1b1a1a1a1c1a1a3a1c1b
2109,NA19317,,E1b1a1a1a1c1a1a3a1c1b
2110,NA19026,,E1b1a1a1a1c1a1a3a1c1b2e
2111,NA19428,,E1b1a1a1a1c1a1a3a1d
2112,NA19430,,E1b1a1a1a1c1a1a3a1d
2113,NA19383,,E1b1a1a1a1c1a1a3a1d
2114,NA19452,,E1b1a1a1a1c1a1a3a1d
2115,NA19451,,E1b1a1a1a1c1a1a3a1d
2116,NA19461,,E1b1a1a1a1c1a1a3a1d
2117,NA19393,,E1b1a1a1a1c1a1a3a1d1b1b1a
2118,NA19385,,E1b1a1a1a1c1a1a3a1d1b1b1a
2119,NA19307,,E1b1a1a1a1c1a1a3a1d1b1b1a
2120,NA19028,,E1b1a1a1a1c1a1a3a1d1b1b1a
2121,NA19466,,E1b1a1a1a1c1a1a3a1d1b1b1a
2122,NA19312,,E1b1a1a1a1c1a1a3a1d1b1b1a
2123,NA19360,,E1b1a1a1a1c1a1a3a1d1b1b1a1
2124,NA19308,,E1b1a1a1a1c1a1a3a1d1b1b1a7
2125,NA19394,,E1b1a1a1a1c1a1a3a1d1b1b1b
2126,NA19319,,E1b1a1a1a1c1a1a3a1d1b1b2
2127,NA19318,,E1b1a1a1a1c1a1a3a1d1b2
2128,NA19455,,E1b1a1a1a1c1a1a3e1
2129,NA19350,,E1b1a1a1a1c1a1b1a
2130,NA19448,,E1b1a1a1a2a1a3b1a2a2a
2131,NA19375,,E1b1a1a1a2a1a3b1a2a2a1
2132,NA19397,,E1b1a1a1a2a1a3b1a2a2a1
2133,NA19346,,E1b1a1a1a2a1a3b1a2a2b
2134,NA19374,,E1b1a1a1a2a1a3b1d1c1a1a
2135,NA19020,,E1b1a1a1a2a1a3b1d1c1a1c
2136,NA19025,,E1b1a1a1a2a1a3b1d1c1a2
2137,NA19309,,E1b1b1a1a1b1a3
2138,NA19334,,E1b1b1b2b2a1a1a
2139,NA19331,,E1b1b1b2b2a1a1a2
2140,NA19380,,E2b1a1c
2141,NA19035,,E2b1a1d
2142,HG02984,,A0a1
2143,HG02982,,A0a1
2144,HG02647,,A1a
2145,HG02668,,A1a
2146,HG02645,,A1a
2147,HG02613,,A1a
2148,HG02666,,A1a
2149,HG02590,,B3b
2150,HG02588,,B3b
2151,HG03050,,E1a2a1a2a
2152,HG03048,,E1a2a1a2a
2153,HG03029,,E1a2a2a
2154,HG03027,,E1a2a2a
2155,HG03024,,E1a2a2b
2156,HG02812,,E1a2b
2157,HG02810,,E1a2b
2158,HG02463,,E1a2b1
2159,HG02461,,E1a2b1
2160,HG02869,,E1a2b1
2161,HG03248,,E1a2b1a1a1
2162,HG03246,,E1a2b1a1a1
2163,HG03260,,E1a2b1a1a1a
2164,HG03258,,E1a2b1a1a1a
2165,HG02625,,E1a2b1a1a1c
2166,HG02623,,E1a2b1a1a1c
2167,HG02636,,E1a2b1a2a
2168,HG02634,,E1a2b1a2a
2169,HG02572,,E1a2b1a2b
2170,HG02570,,E1a2b1a2b
2171,HG02821,,E1a2b1b
2172,HG02819,,E1a2b1b
2173,HG03035,,E1b1a1a1a1c1b2a
2174,HG03033,,E1b1a1a1a1c1b2a
2175,HG02856,,E1b1a1a1a1c1b2a3b
2176,HG02854,,E1b1a1a1a1c1b2a3b
2177,HG02853,,E1b1a1a1a1c2a1a
2178,HG02851,,E1b1a1a1a1c2a1a
2179,HG02892,,E1b1a1a1a1c2a3
2180,HG02890,,E1b1a1a1a1c2a3
2181,HG03538,,E1b1a1a1a1c2b1b
2182,HG02838,,E1b1a1a1a1c2b2a2
2183,HG02836,,E1b1a1a1a1c2b2a2
2184,HG02675,,E1b1a1a1a1c2b2b
2185,HG03249,,E1b1a1a1a1c2c
2186,HG02878,,E1b1a1a1a1c2c1a2
2187,HG02815,,E1b1a1a1a1c2c1b1
2188,HG02813,,E1b1a1a1a1c2c1b1
2189,HG02585,,E1b1a1a1a1c2c1b2
2190,HG02887,,E1b1a1a1a1c2c2a1
2191,HG02584,,E1b1a1a1a1c2c2a2
2192,HG02582,,E1b1a1a1a1c2c2a2
2193,HG02620,,E1b1a1a1a1c2c2b
2194,HG02768,,E1b1a1a1a1c2c3a1a2
2195,HG02816,,E1b1a1a1a1c2c3a1b1b
2196,HG03039,,E1b1a1a1a1c2c3a1b2
2197,HG02702,,E1b1a1a1a1c2c3a1b3
2198,HG02717,,E1b1a1a1a1c2c3a2a
2199,HG02715,,E1b1a1a1a1c2c3a2a
2200,HG03045,,E1b1a1a1a1c2c3a2a1
2201,HG02644,,E1b1a1a1a1c2c3a2b1
2202,HG02642,,E1b1a1a1a1c2c3a2b1
2203,HG02575,,E1b1a1a1a1c2c3a3
2204,HG02563,,E1b1a1a1a1c2c3a3
2205,HG02573,,E1b1a1a1a1c2c3a3a
2206,HG02561,,E1b1a1a1a1c2c3a3b
2207,HG02678,,E1b1a1a1a1c2c3b1
2208,HG02466,,E1b1a1a1a1c2c3b2
2209,HG02464,,E1b1a1a1a1c2c3b2
2210,HG02860,,E1b1a1a1a1c2c4
2211,HG02759,,E1b1a1a1a1c4
2212,HG02596,,E1b1a1a1a2a1a3b4
2213,HG02594,,E1b1a1a1a2a1a3b4
2214,HG02839,,E1b1a1a1a2a1a3b6
2215,HG02883,,E1b1a1a1a2a1b1
2216,HG02881,,E1b1a1a1a2a1b1
2217,HG03242,,E1b1a1a1a2a2a1a
2218,HG03240,,E1b1a1a1a2a2a1a
2219,HG02884,,E1b1a1a1a2a2a1b
2220,HG02895,,E1b1a1a1a2a2a3
2221,HG02612,,E1b1a1a1a2a2a3b
2222,HG02610,,E1b1a1a1a2a2a3b
2223,HG02721,,E1b1a1a1a2a2b
2224,HG02804,,E1b1a1a1a3
2225,HG02756,,E1b1a1a1b
2226,HG02628,,E1b1a1b1f
2227,HG02764,,E1b1b1a1a1c1a
2228,HG02762,,E1b1b1a1a1c1a
2229,HG02807,,E1b1b1a2a
2230,HG02569,,E1b1b1b1b
2231,HG02800,,E1b1b1b1b1a
2232,HG02798,,E1b1b1b1b1a
2233,HG02773,,E2b1a2
2234,HG02771,,E2b1a2
2235,LP6005519-DNA_A03,,Q1b1a1a1e1a1
2236,LP6005519-DNA_B03,,Q1b1a2a1a
